match_id,match_date,team1,team2,venue,toss_winner,toss_decision,winner,team1_avg_runs,team2_avg_runs,team1_avg_wickets,team2_avg_wickets,team1_run_rate,team2_run_rate,team1_death_run_rate,team2_death_run_rate,team1_matches,team2_matches,team1_inning_runs,team1_inning_wickets,team1_inning_run_rate,team1_death_runs,team2_inning_runs,team2_inning_wickets,team2_inning_run_rate,team2_death_runs
1304047,2022-03-26,Chennai Super Kings,Kolkata Knight Riders,"Wankhede Stadium, Mumbai",Kolkata Knight Riders,field,Kolkata Knight Riders,30.0,30.0,5.0,5.0,6.0,6.0,7.5,7.5,0,0,131,5,6.238095238095238,50,133,4,7.1891891891891895,20
1304048,2022-03-27,Mumbai Indians,Delhi Capitals,"Brabourne Stadium, Mumbai",Delhi Capitals,field,Delhi Capitals,30.0,30.0,5.0,5.0,6.0,6.0,7.5,7.5,0,0,177,5,8.704918032786885,54,179,6,9.179487179487179,42
1304049,2022-03-27,Royal Challengers Bangalore,Punjab Kings,"Dr DY Patil Sports Academy, Mumbai",Punjab Kings,field,Punjab Kings,30.0,30.0,5.0,5.0,6.0,6.0,7.5,7.5,0,0,205,2,9.685039370078739,47,208,5,9.904761904761905,46
1304050,2022-03-28,Lucknow Super Giants,Gujarat Titans,"Wankhede Stadium, Mumbai",Gujarat Titans,field,Gujarat Titans,30.0,30.0,5.0,5.0,6.0,6.0,7.5,7.5,0,0,158,6,7.64516129032258,42,161,5,7.983471074380165,48
1304051,2022-03-29,Rajasthan Royals,Sunrisers Hyderabad,"Maharashtra Cricket Association Stadium, Pune",Sunrisers Hyderabad,field,Rajasthan Royals,30.0,30.0,5.0,5.0,6.0,6.0,7.5,7.5,0,0,210,6,9.692307692307692,47,149,7,7.152,68
1304052,2022-03-30,Kolkata Knight Riders,Royal Challengers Bangalore,"Dr DY Patil Sports Academy, Mumbai",Royal Challengers Bangalore,field,Royal Challengers Bangalore,133.0,205.0,4.0,2.0,7.1891891891891895,9.68503937007874,8.0,11.75,1,1,128,10,6.678260869565217,24,132,7,6.545454545454545,31
1304053,2022-03-31,Chennai Super Kings,Lucknow Super Giants,"Brabourne Stadium, Mumbai",Lucknow Super Giants,field,Lucknow Super Giants,131.0,158.0,5.0,6.0,6.238095238095239,7.64516129032258,11.538461538461538,10.08,1,1,210,7,10.24390243902439,48,211,4,9.813953488372093,55
1304054,2022-04-01,Punjab Kings,Kolkata Knight Riders,"Wankhede Stadium, Mumbai",Kolkata Knight Riders,field,Kolkata Knight Riders,208.0,130.5,5.0,7.0,9.904761904761905,6.933725029377204,12.0,8.235294117647058,1,2,137,10,6.966101694915253,33,141,4,9.195652173913043,0
1304055,2022-04-02,Rajasthan Royals,Mumbai Indians,"Dr DY Patil Sports Academy, Mumbai",Mumbai Indians,field,Rajasthan Royals,210.0,177.0,6.0,5.0,9.692307692307693,8.704918032786885,10.846153846153847,12.96,1,1,193,8,9.19047619047619,49,170,8,7.846153846153846,33
1304056,2022-04-02,Gujarat Titans,Delhi Capitals,"Maharashtra Cricket Association Stadium, Pune",Delhi Capitals,field,Gujarat Titans,161.0,179.0,5.0,6.0,7.983471074380166,9.179487179487179,12.521739130434781,15.75,1,1,171,6,8.274193548387096,35,157,9,7.658536585365853,23
1304057,2022-04-03,Punjab Kings,Chennai Super Kings,"Brabourne Stadium, Mumbai",Chennai Super Kings,field,Punjab Kings,172.5,170.5,7.5,6.0,8.435431799838579,8.240998838559815,11.823529411764707,11.76923076923077,2,2,180,8,8.120300751879698,28,126,10,6.75,19
1304058,2022-04-04,Lucknow Super Giants,Sunrisers Hyderabad,"Dr DY Patil Sports Academy, Mumbai",Sunrisers Hyderabad,field,Lucknow Super Giants,184.5,149.0,5.0,7.0,8.729557389347336,7.151999999999999,11.151111111111112,15.11111111111111,2,1,169,7,8.380165289256198,49,157,9,7.476190476190476,28
1304059,2022-04-05,Rajasthan Royals,Royal Challengers Bangalore,"Wankhede Stadium, Mumbai",Royal Challengers Bangalore,field,Royal Challengers Bangalore,201.5,168.5,7.0,4.5,9.441391941391942,8.115246957766644,11.303076923076922,10.303571428571429,2,2,169,3,8.112,62,173,6,8.508196721311476,35
1304060,2022-04-06,Mumbai Indians,Kolkata Knight Riders,"Maharashtra Cricket Association Stadium, Pune",Kolkata Knight Riders,field,Kolkata Knight Riders,173.5,134.0,6.5,6.0,8.275535939470366,7.687700744222483,9.780000000000001,8.235294117647058,2,3,161,4,7.983471074380165,63,162,5,10.02061855670103,0
1304061,2022-04-07,Delhi Capitals,Lucknow Super Giants,"Dr DY Patil Sports Academy, Mumbai",Lucknow Super Giants,field,Lucknow Super Giants,168.0,179.33333333333334,7.5,5.666666666666667,8.419011882426517,8.613093355983624,10.75,11.354074074074076,2,3,149,3,7.209677419354838,32,155,4,7.622950819672131,33
1304062,2022-04-08,Punjab Kings,Gujarat Titans,"Brabourne Stadium, Mumbai",Gujarat Titans,field,Gujarat Titans,175.0,166.0,7.666666666666667,5.5,8.330388117185619,8.128832311383633,9.956427015250545,10.299331103678929,3,2,189,9,9.21951219512195,34,190,4,9.193548387096774,50
1304063,2022-04-09,Chennai Super Kings,Sunrisers Hyderabad,"Dr DY Patil Sports Academy, Mumbai",Sunrisers Hyderabad,field,Sunrisers Hyderabad,155.66666666666666,153.0,7.333333333333333,8.0,7.743999225706543,7.314095238095238,10.769230769230768,10.786324786324787,3,2,154,7,7.392,41,155,2,8.454545454545455,30
1304064,2022-04-09,Mumbai Indians,Royal Challengers Bangalore,"Maharashtra Cricket Association Stadium, Pune",Royal Challengers Bangalore,field,Royal Challengers Bangalore,169.33333333333334,170.0,5.666666666666667,5.0,8.1781809844403,8.246230212281587,11.560000000000002,10.369047619047619,3,3,151,6,7.426229508196721,52,152,3,8.0,30
1304065,2022-04-10,Delhi Capitals,Kolkata Knight Riders,"Brabourne Stadium, Mumbai",Kolkata Knight Riders,field,Delhi Capitals,161.66666666666666,141.0,6.0,5.75,8.015900394735958,8.270930197342121,9.726666666666667,8.235294117647058,3,4,215,5,10.32,53,171,10,8.479338842975206,28
1304066,2022-04-10,Rajasthan Royals,Lucknow Super Giants,"Wankhede Stadium, Mumbai",Lucknow Super Giants,field,Rajasthan Royals,190.66666666666666,173.25,5.666666666666667,5.25,8.998261294261296,8.36555772190575,12.304615384615383,10.765555555555556,3,4,165,6,7.857142857142857,57,162,8,7.838709677419354,56
1304067,2022-04-11,Gujarat Titans,Sunrisers Hyderabad,"Dr DY Patil Sports Academy, Mumbai",Sunrisers Hyderabad,field,Sunrisers Hyderabad,174.0,153.66666666666666,5.0,6.0,8.48373766995468,7.69424531024531,10.569924439489656,11.806267806267806,3,3,162,7,7.59375,36,168,3,8.542372881355933,39
1304068,2022-04-12,Chennai Super Kings,Royal Challengers Bangalore,"Dr DY Patil Sports Academy, Mumbai",Royal Challengers Bangalore,field,Chennai Super Kings,155.25,165.5,7.25,4.5,7.655999419279907,8.184672659211191,10.19761273209549,10.776785714285715,4,4,216,4,10.204724409448819,71,193,9,8.976744186046512,47
1304069,2022-04-13,Punjab Kings,Mumbai Indians,"Maharashtra Cricket Association Stadium, Pune",Mumbai Indians,field,Punjab Kings,178.5,164.75,8.0,5.75,8.552669136669701,7.990193115379405,9.507320261437908,11.790000000000003,4,4,198,5,9.354330708661417,59,186,9,8.928,36
1304070,2022-04-14,Gujarat Titans,Rajasthan Royals,"Dr DY Patil Sports Academy, Mumbai",Rajasthan Royals,field,Gujarat Titans,171.0,184.25,5.5,5.75,8.26124075246601,8.712981684981685,10.087443329617242,12.648461538461538,4,4,192,4,9.29032258064516,53,155,9,7.622950819672131,17
1304071,2022-04-15,Kolkata Knight Riders,Sunrisers Hyderabad,"Brabourne Stadium, Mumbai",Sunrisers Hyderabad,field,Sunrisers Hyderabad,147.0,157.25,6.6,5.25,8.312611926468739,7.906277203022965,8.035650623885918,11.779700854700856,5,4,175,8,8.536585365853659,53,176,3,9.513513513513514,23
1304072,2022-04-16,Lucknow Super Giants,Mumbai Indians,"Brabourne Stadium, Mumbai",Mumbai Indians,field,Lucknow Super Giants,171.0,169.0,5.8,6.4,8.260188113008471,8.177754492303524,11.101333333333333,11.093538461538463,5,5,199,4,9.629032258064516,44,181,9,8.688,49
1304073,2022-04-16,Royal Challengers Bangalore,Delhi Capitals,"Wankhede Stadium, Mumbai",Delhi Capitals,field,Royal Challengers Bangalore,171.0,175.0,5.4,5.75,8.343086964578255,8.591925296051969,10.566256157635468,10.475,5,4,189,5,9.0,69,173,7,8.370967741935484,39
1304074,2022-04-17,Punjab Kings,Sunrisers Hyderabad,"Dr DY Patil Sports Academy, Mumbai",Sunrisers Hyderabad,field,Sunrisers Hyderabad,182.4,161.0,7.4,4.8,8.713001451068044,8.227724465121074,10.228078431372548,11.932851592851595,5,5,151,10,7.190476190476191,19,152,3,7.862068965517242,31
1304075,2022-04-17,Chennai Super Kings,Gujarat Titans,"Maharashtra Cricket Association Stadium, Pune",Gujarat Titans,field,Gujarat Titans,167.4,175.2,6.6,5.2,8.16574441731369,8.46705711810184,11.09602122015915,10.51610850984764,5,5,169,5,8.112,40,170,7,8.429752066115702,52
1304076,2022-04-18,Rajasthan Royals,Kolkata Knight Riders,"Brabourne Stadium, Mumbai",Kolkata Knight Riders,field,Rajasthan Royals,178.4,151.66666666666666,6.4,6.833333333333333,8.494975511919773,8.349940833032893,10.96876923076923,9.206737967914439,5,6,217,5,10.251968503937007,43,210,10,9.618320610687023,32
1304077,2022-04-19,Royal Challengers Bangalore,Lucknow Super Giants,"Dr DY Patil Sports Academy, Mumbai",Lucknow Super Giants,field,Royal Challengers Bangalore,174.0,175.66666666666666,5.333333333333333,5.5,8.45257247048188,8.488328803851145,11.36076902025178,10.822539682539682,6,6,181,6,8.551181102362204,41,163,8,7.700787401574803,35
1304078,2022-04-20,Punjab Kings,Delhi Capitals,"Brabourne Stadium, Mumbai",Delhi Capitals,field,Delhi Capitals,177.16666666666666,174.6,7.833333333333333,6.0,8.459247240969402,8.547733785228672,9.315065359477124,10.251999999999999,6,5,115,10,5.702479338842975,18,119,1,10.347826086956522,0
1304079,2022-04-21,Mumbai Indians,Chennai Super Kings,"Dr DY Patil Sports Academy, Mumbai",Chennai Super Kings,field,Chennai Super Kings,171.0,167.66666666666666,6.833333333333333,6.333333333333333,8.262795410252936,8.156787014428074,11.286282051282052,10.913351016799291,6,6,155,7,7.560975609756097,45,156,7,7.37007874015748,48
1304080,2022-04-22,Rajasthan Royals,Delhi Capitals,"Wankhede Stadium, Mumbai",Delhi Capitals,field,Rajasthan Royals,184.83333333333334,165.33333333333334,6.166666666666667,5.166666666666667,8.787807677255978,8.847749168849981,10.62339964633068,10.251999999999999,6,6,222,2,10.741935483870968,64,207,8,9.703125,45
1304081,2022-04-23,Gujarat Titans,Kolkata Knight Riders,"Dr DY Patil Sports Academy, Mumbai",Gujarat Titans,bat,Gujarat Titans,174.33333333333334,160.0,5.5,7.285714285714286,8.460839609437484,8.531137944126339,10.930090424873034,8.965390374331552,6,7,156,9,7.37007874015748,24,148,8,7.0476190476190474,36
1304082,2022-04-23,Royal Challengers Bangalore,Sunrisers Hyderabad,"Brabourne Stadium, Mumbai",Sunrisers Hyderabad,field,Sunrisers Hyderabad,175.0,159.5,5.428571428571429,4.5,8.466659417893354,8.166781881853769,11.143516303072955,11.7675724058077,7,6,68,10,3.8857142857142857,0,72,1,8.816326530612246,0
1304083,2022-04-24,Lucknow Super Giants,Mumbai Indians,"Wankhede Stadium, Mumbai",Mumbai Indians,field,Lucknow Super Giants,173.85714285714286,168.71428571428572,5.857142857142857,6.857142857142857,8.375822889240238,8.16253543875339,10.387573696145123,11.216813186813187,7,7,168,6,8.064,42,132,8,6.1875,22
1304084,2022-04-25,Punjab Kings,Chennai Super Kings,"Wankhede Stadium, Mumbai",Chennai Super Kings,field,Punjab Kings,168.28571428571428,166.0,8.142857142857142,6.428571428571429,8.065423254951341,8.044400118103704,8.627198879551822,11.000015157256536,7,7,187,4,8.436090225563909,51,176,6,8.380952380952381,35
1304085,2022-04-26,Rajasthan Royals,Royal Challengers Bangalore,"Maharashtra Cricket Association Stadium, Pune",Royal Challengers Bangalore,field,Rajasthan Royals,190.14285714285714,161.625,5.571428571428571,6.0,9.066968792486692,7.89404127637097,11.137517157172327,9.750576765188834,7,8,144,8,7.024390243902439,40,115,10,5.609756097560975,21
1304086,2022-04-27,Sunrisers Hyderabad,Gujarat Titans,"Wankhede Stadium, Mumbai",Gujarat Titans,field,Gujarat Titans,147.0,171.71428571428572,4.0,6.0,8.25957397453355,8.305016628111769,11.7675724058077,10.159857726814248,7,7,195,6,9.285714285714286,50,199,5,9.552000000000001,59
1304087,2022-04-28,Kolkata Knight Riders,Delhi Capitals,"Wankhede Stadium, Mumbai",Delhi Capitals,field,Delhi Capitals,158.5,171.28571428571428,7.375,5.571428571428571,8.345698082062928,8.969945716157126,8.971158645276292,10.274102564102565,8,7,146,9,7.064516129032258,45,150,6,7.6923076923076925,33
1304088,2022-04-29,Lucknow Super Giants,Punjab Kings,"Maharashtra Cricket Association Stadium, Pune",Punjab Kings,field,Lucknow Super Giants,173.125,170.625,5.875,7.625,8.33684502808521,8.111756626277913,10.401626984126985,9.019952865761688,8,8,153,8,7.403225806451612,42,133,8,6.186046511627907,28
1304089,2022-04-30,Royal Challengers Bangalore,Gujarat Titans,"Brabourne Stadium, Mumbai",Royal Challengers Bangalore,bat,Gujarat Titans,156.44444444444446,175.125,6.444444444444445,5.875,7.640231812058748,8.460889549597798,9.303542983198156,10.659875510962468,9,8,170,6,8.360655737704919,49,174,4,8.557377049180328,46
1304090,2022-04-30,Rajasthan Royals,Mumbai Indians,"Dr DY Patil Sports Academy, Mumbai",Mumbai Indians,field,Mumbai Indians,184.375,164.125,5.875,7.0,8.81164647391366,7.915656008909215,10.995327512525787,10.42582264957265,8,8,158,6,7.464566929133857,32,161,5,8.05,37
1304091,2022-05-01,Lucknow Super Giants,Delhi Capitals,"Wankhede Stadium, Mumbai",Lucknow Super Giants,bat,Lucknow Super Giants,170.88888888888889,168.625,6.111111111111111,5.625,8.233109559014812,8.810240963175946,10.412557319223986,10.295095430884905,9,8,195,3,8.863636363636363,47,189,7,9.21951219512195,43
1304092,2022-05-01,Chennai Super Kings,Sunrisers Hyderabad,"Maharashtra Cricket Association Stadium, Pune",Sunrisers Hyderabad,field,Chennai Super Kings,167.25,153.0,6.375,4.25,8.086469150959788,8.387841513431145,10.675013262599471,11.800776347835171,8,8,202,2,9.853658536585366,36,189,6,9.21951219512195,54
1304093,2022-05-02,Rajasthan Royals,Kolkata Knight Riders,"Wankhede Stadium, Mumbai",Kolkata Knight Riders,field,Kolkata Knight Riders,181.44444444444446,157.11111111111111,5.888888888888889,7.555555555555555,8.661970968938126,8.203344531726186,10.594137276091297,9.17308103661045,9,9,152,5,7.181102362204724,44,158,3,7.64516129032258,44
1304094,2022-05-03,Gujarat Titans,Punjab Kings,"Dr DY Patil Sports Academy, Mumbai",Gujarat Titans,bat,Punjab Kings,175.0,166.44444444444446,5.666666666666667,7.666666666666667,8.471610382884746,7.897788835761245,10.808778231966638,8.709093905368414,9,9,143,8,6.651162790697675,35,145,2,8.7,0
1304095,2022-05-04,Royal Challengers Bangalore,Chennai Super Kings,"Maharashtra Cricket Association Stadium, Pune",Chennai Super Kings,field,Royal Challengers Bangalore,157.8,171.11111111111111,6.4,5.888888888888889,7.712274204623365,8.282823527140408,9.549188684878342,10.488900677866196,10,9,173,8,8.173228346456693,42,160,8,8.0,38
1304096,2022-05-05,Delhi Capitals,Sunrisers Hyderabad,"Brabourne Stadium, Mumbai",Sunrisers Hyderabad,field,Delhi Capitals,170.88888888888889,157.0,5.777777777777778,4.444444444444445,8.85571554450328,8.480249366952345,10.298208502024291,11.883371612048084,9,9,207,3,9.779527559055117,60,186,8,8.857142857142858,40
1304097,2022-05-06,Mumbai Indians,Gujarat Titans,"Brabourne Stadium, Mumbai",Gujarat Titans,field,Mumbai Indians,163.77777777777777,171.8,6.777777777777778,5.9,7.930583119030413,8.28956562366604,10.442001085334418,10.477900408769974,9,10,177,6,8.496,43,172,5,8.52892561983471,34
1304098,2022-05-07,Punjab Kings,Rajasthan Royals,"Wankhede Stadium, Mumbai",Punjab Kings,bat,Rajasthan Royals,164.3,178.5,7.1,5.8,7.978009952185121,8.513884108264786,8.709093905368414,10.47758069133931,10,10,189,5,8.656488549618322,57,190,4,9.193548387096774,39
1304099,2022-05-07,Lucknow Super Giants,Kolkata Knight Riders,"Maharashtra Cricket Association Stadium, Pune",Kolkata Knight Riders,field,Lucknow Super Giants,173.3,157.2,5.8,7.1,8.296162239476967,8.147526207585825,10.343715380405035,9.461228515729795,10,10,176,7,8.655737704918034,50,101,10,6.808988764044943,0
1304100,2022-05-08,Royal Challengers Bangalore,Sunrisers Hyderabad,"Wankhede Stadium, Mumbai",Royal Challengers Bangalore,bat,Royal Challengers Bangalore,159.1818181818182,159.9,6.545454545454546,4.8,7.754179126608213,8.517938715971397,9.59744425898031,11.674108099598296,11,10,192,3,9.142857142857142,55,125,10,6.25,11
1304101,2022-05-08,Chennai Super Kings,Delhi Capitals,"Dr DY Patil Sports Academy, Mumbai",Delhi Capitals,field,Chennai Super Kings,170.0,174.5,6.1,5.5,8.254541174426368,8.948096745958463,10.390010610079576,10.692424651372018,10,10,208,6,9.526717557251908,41,117,10,6.5,15
1304102,2022-05-09,Kolkata Knight Riders,Mumbai Indians,"Dr DY Patil Sports Academy, Mumbai",Mumbai Indians,field,Kolkata Knight Riders,152.0909090909091,165.1,7.363636363636363,6.7,8.025840985445745,7.987124807127371,9.461228515729795,10.390108669108669,11,10,165,9,7.857142857142857,22,113,10,6.336448598130842,6
1304103,2022-05-10,Gujarat Titans,Lucknow Super Giants,"Maharashtra Cricket Association Stadium, Pune",Gujarat Titans,bat,Gujarat Titans,171.8181818181818,173.54545454545453,5.818181818181818,5.909090909090909,8.311325623317735,8.328850918153428,10.298091280699976,10.45232866750108,11,11,144,4,6.857142857142857,41,82,10,5.720930232558139,0
1304104,2022-05-11,Rajasthan Royals,Delhi Capitals,"Dr DY Patil Sports Academy, Mumbai",Delhi Capitals,field,Delhi Capitals,179.54545454545453,169.27272727272728,5.636363636363637,5.909090909090909,8.575671769976784,8.725542496325875,10.411436992126646,10.523182186234816,11,11,160,6,7.680000000000001,35,161,2,8.473684210526315,32
1304105,2022-05-12,Chennai Super Kings,Mumbai Indians,"Wankhede Stadium, Mumbai",Mumbai Indians,field,Mumbai Indians,173.45454545454547,160.36363636363637,6.090909090909091,7.0,8.370193572865054,7.837063333582233,10.273747019264261,9.772826062826063,11,11,97,10,5.596153846153847,0,103,5,6.574468085106383,0
1304106,2022-05-13,Punjab Kings,Royal Challengers Bangalore,"Brabourne Stadium, Mumbai",Royal Challengers Bangalore,field,Punjab Kings,166.54545454545453,161.91666666666666,6.909090909090909,6.25,8.039689824679048,7.869902294628957,9.059613086260144,9.897657237398617,11,12,209,9,10.11290322580645,46,155,9,7.265625,25
1304107,2022-05-14,Kolkata Knight Riders,Sunrisers Hyderabad,"Maharashtra Cricket Association Stadium, Pune",Kolkata Knight Riders,bat,Kolkata Knight Riders,153.16666666666666,156.72727272727272,7.5,5.2727272727272725,8.01178280808717,8.311762469064906,8.996647569537595,10.82098300392418,12,11,177,6,8.296875,48,123,8,6.0,22
1304108,2022-05-15,Chennai Super Kings,Gujarat Titans,"Wankhede Stadium, Mumbai",Chennai Super Kings,bat,Gujarat Titans,167.08333333333334,169.5,6.416666666666667,5.666666666666667,8.139023595639118,8.190143726136496,10.273747019264261,10.17205986445117,12,12,133,5,6.384,20,137,3,6.907563025210084,20
1304109,2022-05-15,Rajasthan Royals,Lucknow Super Giants,"Brabourne Stadium, Mumbai",Rajasthan Royals,bat,Rajasthan Royals,177.91666666666666,165.91666666666666,5.666666666666667,6.25,8.501032455812052,8.111524194353821,10.191965390930907,10.45232866750108,12,12,178,6,8.682926829268293,41,154,8,7.21875,38
1304110,2022-05-16,Delhi Capitals,Punjab Kings,"Dr DY Patil Sports Academy, Mumbai",Punjab Kings,field,Delhi Capitals,168.58333333333334,170.08333333333334,5.583333333333333,7.083333333333333,8.70455430584258,8.212457608106332,10.909186602870813,9.201046861635096,12,12,159,7,7.7560975609756095,36,142,9,6.761904761904762,33
1304111,2022-05-17,Sunrisers Hyderabad,Mumbai Indians,"Wankhede Stadium, Mumbai",Mumbai Indians,field,Sunrisers Hyderabad,153.91666666666666,155.58333333333334,5.5,6.833333333333333,8.11911559664283,7.731847062875912,10.31725727629471,9.772826062826063,12,12,193,6,9.264000000000001,29,190,7,8.769230769230768,50
1304112,2022-05-18,Lucknow Super Giants,Kolkata Knight Riders,"Dr DY Patil Sports Academy, Mumbai",Lucknow Super Giants,bat,Lucknow Super Giants,165.0,155.0,6.384615384615385,7.384615384615385,8.042849256326603,8.03371297669585,10.23647369233576,9.163649479250504,13,13,210,0,10.327868852459018,70,208,8,9.826771653543307,64
1304113,2022-05-19,Gujarat Titans,Royal Challengers Bangalore,"Wankhede Stadium, Mumbai",Gujarat Titans,bat,Royal Challengers Bangalore,167.0,161.3846153846154,5.461538461538462,6.461538461538462,8.09148367221908,7.823419425811346,9.851132182570309,9.597837449906416,13,13,168,5,8.262295081967213,46,170,2,8.869565217391305,31
1304114,2022-05-20,Chennai Super Kings,Rajasthan Royals,"Brabourne Stadium, Mumbai",Chennai Super Kings,bat,Rajasthan Royals,164.46153846153845,177.92307692307693,6.3076923076923075,5.6923076923076925,8.004021780589955,8.5150243306933,9.787971804695944,10.164891130090068,13,13,150,6,7.2,30,151,5,7.426229508196721,43
1304115,2022-05-21,Delhi Capitals,Mumbai Indians,"Wankhede Stadium, Mumbai",Mumbai Indians,field,Mumbai Indians,167.84615384615384,158.23076923076923,5.6923076923076925,6.846153846153846,8.631596094698965,7.811645809518594,10.750087719298245,9.884349816849817,13,13,159,7,7.453125,34,160,5,8.067226890756302,46
1304116,2022-05-22,Sunrisers Hyderabad,Punjab Kings,"Wankhede Stadium, Mumbai",Sunrisers Hyderabad,bat,Punjab Kings,156.92307692307693,167.92307692307693,5.538461538461538,7.230769230769231,8.207183627670306,8.10087661993698,10.015178144295792,9.04540406760995,13,13,157,8,7.5360000000000005,58,160,5,10.105263157894736,0
1312197,2022-05-24,Rajasthan Royals,Gujarat Titans,"Eden Gardens, Kolkata",Gujarat Titans,field,Gujarat Titans,176.0,167.07142857142858,5.642857142857143,5.428571428571429,8.437253271943545,8.10368448720109,10.206684620797919,9.96890845524386,14,14,188,6,8.881889763779528,61,191,3,9.168000000000001,45
1312198,2022-05-25,Royal Challengers Bangalore,Lucknow Super Giants,"Eden Gardens, Kolkata",Lucknow Super Giants,field,Royal Challengers Bangalore,162.0,168.21428571428572,6.142857142857143,5.928571428571429,7.898144125209915,8.206064941764634,9.693790237097975,10.741360331386856,14,14,207,4,9.857142857142858,57,193,6,8.907692307692308,40
1312199,2022-05-27,Royal Challengers Bangalore,Rajasthan Royals,"Narendra Modi Stadium, Ahmedabad",Rajasthan Royals,field,Rajasthan Royals,165.0,176.8,6.0,5.666666666666667,8.02874404067211,8.466895704732611,9.924460631547854,10.429942683115094,15,15,157,8,7.4173228346456686,25,161,3,8.862385321100916,21
1312200,2022-05-29,Rajasthan Royals,Gujarat Titans,"Narendra Modi Stadium, Ahmedabad",Rajasthan Royals,bat,Gujarat Titans,175.8125,168.66666666666666,5.5,5.266666666666667,8.49161380575563,8.174638854721017,10.383840496189634,10.161457415370458,16,15,130,9,6.5,32,133,3,7.061946902654868,24
1359475,2023-03-31,Chennai Super Kings,Gujarat Titans,"Narendra Modi Stadium, Ahmedabad",Gujarat Titans,field,Gujarat Titans,163.42857142857142,166.4375,6.285714285714286,5.125,7.946591653404959,8.105095607716882,9.588897050488564,10.169223469766948,14,16,178,7,8.826446280991735,38,182,5,8.950819672131148,37
1359476,2023-04-01,Punjab Kings,Kolkata Knight Riders,"Punjab Cricket Association IS Bindra Stadium, Mohali, Chandigarh",Kolkata Knight Riders,field,Punjab Kings,167.35714285714286,158.78571428571428,7.071428571428571,7.428571428571429,8.244047086933962,8.161788596470668,9.04540406760995,9.673247778339618,14,14,191,5,9.317073170731707,38,146,7,8.848484848484848,0
1359477,2023-04-01,Lucknow Super Giants,Delhi Capitals,"Bharat Ratna Shri Atal Bihari Vajpayee Ekana Cricket Stadium, Lucknow",Delhi Capitals,field,Lucknow Super Giants,169.86666666666667,167.21428571428572,5.933333333333334,5.785714285714286,8.252840099493145,8.547419587934753,10.545548879144937,10.55085020242915,15,14,193,6,9.264000000000001,62,143,9,6.809523809523809,30
1359478,2023-04-02,Rajasthan Royals,Sunrisers Hyderabad,"Rajiv Gandhi International Stadium, Uppal, Hyderabad",Sunrisers Hyderabad,field,Rajasthan Royals,173.11764705882354,156.92857142857142,5.705882352941177,5.714285714285714,8.374460052475888,8.15924193997957,10.243614584649068,10.2362328169568,17,14,203,5,9.98360655737705,33,131,8,6.238095238095238,42
1359479,2023-04-02,Mumbai Indians,Royal Challengers Bangalore,"M Chinnaswamy Stadium, Bengaluru",Royal Challengers Bangalore,field,Royal Challengers Bangalore,158.35714285714286,164.5,6.714285714285714,6.125,7.829901601035573,7.990530215295458,10.135004226542689,9.664758765153035,14,16,171,7,7.892307692307692,60,172,2,10.117647058823529,11
1359480,2023-04-03,Chennai Super Kings,Lucknow Super Giants,"MA Chidambaram Stadium, Chepauk, Chennai",Lucknow Super Giants,field,Chennai Super Kings,164.4,171.3125,6.333333333333333,5.9375,8.00524862857741,8.316037593274821,9.582547261167951,10.697684700995044,15,16,217,7,10.5,47,205,7,9.044117647058822,49
1359481,2023-04-04,Delhi Capitals,Gujarat Titans,"Arun Jaitley Stadium, Delhi",Gujarat Titans,field,Gujarat Titans,165.6,167.35294117647058,6.0,5.117647058823529,8.431559869374023,8.154844082094192,10.311503759398494,10.192882593394103,15,17,162,8,7.776000000000001,36,163,4,8.504347826086956,26
1359482,2023-04-05,Punjab Kings,Rajasthan Royals,"Barsapara Cricket Stadium, Guwahati",Rajasthan Royals,field,Punjab Kings,168.93333333333334,174.77777777777777,6.933333333333334,5.666666666666667,8.315582159187146,8.463857080525951,9.051142216255338,10.132858218835231,15,18,197,5,9.307086614173228,38,192,7,9.216000000000001,63
1359483,2023-04-06,Kolkata Knight Riders,Royal Challengers Bangalore,"Eden Gardens, Kolkata",Royal Challengers Bangalore,field,Kolkata Knight Riders,157.93333333333334,164.94117647058823,7.4,5.882352941176471,8.207568346604948,8.115654735502991,9.673247778339618,10.390361190732268,15,17,204,7,9.488372093023257,57,123,10,6.897196261682243,14
1359484,2023-04-07,Sunrisers Hyderabad,Lucknow Super Giants,"Bharat Ratna Shri Atal Bihari Vajpayee Ekana Cricket Stadium, Lucknow",Sunrisers Hyderabad,bat,Lucknow Super Giants,155.2,173.2941176470588,5.866666666666666,6.0,8.031165493187281,8.358865831732702,10.225073330031316,10.603298157182856,15,17,121,8,5.950819672131148,37,127,5,7.544554455445545,0
1359485,2023-04-08,Rajasthan Royals,Delhi Capitals,"Barsapara Cricket Stadium, Guwahati",Delhi Capitals,field,Rajasthan Royals,175.68421052631578,165.375,5.7368421052631575,6.125,8.503443549971955,8.390587377538148,10.395339365212324,10.224070175438595,19,16,199,4,9.629032258064516,56,142,9,6.65625,24
1359486,2023-04-08,Mumbai Indians,Chennai Super Kings,"Wankhede Stadium, Mumbai",Chennai Super Kings,field,Chennai Super Kings,159.2,167.6875,6.733333333333333,6.375,7.834062007120381,8.161170589291322,10.240568440775816,9.727044110423423,15,16,157,8,7.5360000000000005,44,159,3,8.368421052631579,24
1359487,2023-04-09,Gujarat Titans,Kolkata Knight Riders,"Narendra Modi Stadium, Ahmedabad",Gujarat Titans,bat,Kolkata Knight Riders,167.11111111111111,160.8125,5.055555555555555,7.375,8.174260956760456,8.287618580756092,10.245658957253161,9.922699352366873,18,16,204,4,9.63779527559055,60,207,7,10.097560975609756,52
1359488,2023-04-09,Punjab Kings,Sunrisers Hyderabad,"Rajiv Gandhi International Stadium, Uppal, Hyderabad",Sunrisers Hyderabad,field,Sunrisers Hyderabad,170.6875,153.0625,6.8125,6.0,8.377551187623776,7.901143879371272,9.031005684325011,10.160068441362561,16,16,143,9,6.864000000000001,42,145,2,8.446601941747572,21
1359489,2023-04-10,Royal Challengers Bangalore,Lucknow Super Giants,"M Chinnaswamy Stadium, Bengaluru",Lucknow Super Giants,field,Lucknow Super Giants,162.61111111111111,170.72222222222223,6.111111111111111,5.944444444444445,8.047962598068505,8.31362631082786,10.27978556902492,10.603298157182856,18,18,212,2,10.258064516129032,66,213,9,9.906976744186046,28
1359490,2023-04-11,Delhi Capitals,Mumbai Indians,"Arun Jaitley Stadium, Delhi",Mumbai Indians,field,Mumbai Indians,164.0,159.0625,6.294117647058823,6.8125,8.28856753180061,7.8154331316753565,9.945065789473684,10.234786954980505,17,16,172,10,8.32258064516129,36,173,4,8.508196721311476,34
1359491,2023-04-12,Rajasthan Royals,Chennai Super Kings,"MA Chidambaram Stadium, Chepauk, Chennai",Chennai Super Kings,field,Rajasthan Royals,176.85,167.1764705882353,5.65,6.176470588235294,8.559722985376583,8.17336179301722,10.547572396951708,9.719103853521956,20,17,175,8,8.333333333333334,34,172,6,8.125984251968504,55
1359492,2023-04-13,Punjab Kings,Gujarat Titans,"Punjab Cricket Association IS Bindra Stadium, Mohali, Chandigarh",Gujarat Titans,field,Gujarat Titans,169.05882352941177,169.05263157894737,6.9411764705882355,5.0,8.288518764822378,8.251289078804145,9.100938638703346,10.464308485818783,17,19,153,8,7.116279069767442,44,154,4,7.764705882352942,34
1359493,2023-04-14,Sunrisers Hyderabad,Kolkata Knight Riders,"Eden Gardens, Kolkata",Kolkata Knight Riders,field,Sunrisers Hyderabad,152.58823529411765,163.52941176470588,5.764705882352941,7.352941176470588,7.93322964774635,8.394085780453366,10.650064163777401,10.082491709877113,17,17,228,4,10.6875,56,205,7,9.609375,46
1359494,2023-04-15,Royal Challengers Bangalore,Delhi Capitals,"M Chinnaswamy Stadium, Bengaluru",Delhi Capitals,field,Royal Challengers Bangalore,165.21052631578948,164.44444444444446,5.894736842105263,6.5,8.164283751650638,8.290457149209537,10.540363656485146,9.912491587023826,19,18,174,6,8.419354838709676,35,151,9,7.365853658536586,40
1359495,2023-04-15,Lucknow Super Giants,Punjab Kings,"Bharat Ratna Shri Atal Bihari Vajpayee Ekana Cricket Stadium, Lucknow",Punjab Kings,field,Punjab Kings,172.94736842105263,168.16666666666666,6.105263157894737,7.0,8.397486859951975,8.223394337319327,10.345587808067524,9.143241084895497,19,18,159,8,7.511811023622047,33,161,8,7.918032786885246,33
1359496,2023-04-16,Kolkata Knight Riders,Mumbai Indians,"Wankhede Stadium, Mumbai",Mumbai Indians,field,Mumbai Indians,165.83333333333334,159.88235294117646,7.333333333333333,6.647058823529412,8.461601848205957,7.856183931065717,10.150885159171604,10.126362770294222,18,17,185,6,8.671875,39,186,5,10.238532110091743,15
1359497,2023-04-16,Gujarat Titans,Rajasthan Royals,"Narendra Modi Stadium, Ahmedabad",Rajasthan Royals,field,Rajasthan Royals,168.3,176.76190476190476,4.95,5.761904761904762,8.226959918981587,8.548942525755475,10.38457132239741,10.43387847328734,20,21,177,7,8.564516129032258,52,179,7,9.101694915254237,45
1359498,2023-04-17,Chennai Super Kings,Royal Challengers Bangalore,"M Chinnaswamy Stadium, Bengaluru",Royal Challengers Bangalore,field,Chennai Super Kings,167.44444444444446,165.65,6.166666666666667,5.9,8.170729707403403,8.177037306003589,9.866346110504324,10.43334547366089,18,20,226,6,10.761904761904763,54,218,8,10.380952380952381,37
1359499,2023-04-18,Mumbai Indians,Sunrisers Hyderabad,"Rajiv Gandhi International Stadium, Uppal, Hyderabad",Sunrisers Hyderabad,field,Mumbai Indians,161.33333333333334,156.77777777777777,6.555555555555555,5.666666666666667,7.988536607678274,8.086244667315997,10.011977794501513,10.75561594499311,18,18,192,5,9.442622950819672,48,178,10,8.409448818897637,35
1359500,2023-04-19,Lucknow Super Giants,Rajasthan Royals,"Sawai Mansingh Stadium, Jaipur",Rajasthan Royals,field,Lucknow Super Giants,172.25,176.86363636363637,6.2,5.818181818181818,8.353203068135478,8.574067634369056,10.178240337248958,10.544026854371682,20,22,154,7,7.5737704918032795,39,144,6,7.024390243902439,37
1359501,2023-04-20,Royal Challengers Bangalore,Punjab Kings,"Punjab Cricket Association IS Bindra Stadium, Mohali, Chandigarh",Punjab Kings,field,Royal Challengers Bangalore,168.14285714285714,167.78947368421052,6.0,7.052631578947368,8.281985642905912,8.207322676770165,10.31407051913282,9.090697491666349,21,19,174,4,8.487804878048781,37,150,10,7.964601769911505,12
1359502,2023-04-20,Kolkata Knight Riders,Delhi Capitals,"Arun Jaitley Stadium, Delhi",Delhi Capitals,field,Delhi Capitals,166.8421052631579,163.73684210526315,7.2631578947368425,6.631578947368421,8.472668856195117,8.24179380759517,10.051937259671273,9.87461812278746,19,19,127,10,5.861538461538461,30,128,6,6.347107438016528,18
1359503,2023-04-21,Sunrisers Hyderabad,Chennai Super Kings,"MA Chidambaram Stadium, Chepauk, Chennai",Chennai Super Kings,field,Chennai Super Kings,157.89473684210526,170.52631578947367,5.894736842105263,6.157894736842105,8.103255412136082,8.307107341850843,10.606799674544774,9.961072913889005,19,19,134,7,6.59016393442623,28,138,3,7.392857142857142,19
1359504,2023-04-22,Gujarat Titans,Lucknow Super Giants,"Bharat Ratna Shri Atal Bihari Vajpayee Ekana Cricket Stadium, Lucknow",Gujarat Titans,bat,Gujarat Titans,168.71428571428572,171.38095238095238,5.0476190476190474,6.238095238095238,8.243034024222094,8.316087231167279,10.484353640378485,10.155701372130594,21,21,135,6,6.75,38,128,7,6.347107438016528,19
1359505,2023-04-22,Punjab Kings,Mumbai Indians,"Wankhede Stadium, Mumbai",Mumbai Indians,field,Punjab Kings,166.9,162.94736842105263,7.2,6.473684210526316,8.19518663142723,8.06506746784361,8.852325408795998,10.122423472584764,20,19,214,8,9.953488372093023,65,201,6,9.804878048780488,40
1359506,2023-04-23,Royal Challengers Bangalore,Rajasthan Royals,"M Chinnaswamy Stadium, Bengaluru",Rajasthan Royals,field,Royal Challengers Bangalore,168.4090909090909,175.43478260869566,5.909090909090909,5.826086956521739,8.291341062685134,8.50669035652268,10.265703677354056,10.487764817225088,22,23,189,9,9.072000000000001,27,182,6,8.666666666666666,53
1359507,2023-04-23,Chennai Super Kings,Kolkata Knight Riders,"Eden Gardens, Kolkata",Kolkata Knight Riders,field,Chennai Super Kings,168.9,164.85,6.0,7.4,8.261394831901157,8.342112336462284,9.811805918421163,9.825476895227535,20,20,235,4,11.463414634146341,66,186,8,8.651162790697674,30
1359508,2023-04-24,Delhi Capitals,Sunrisers Hyderabad,"Rajiv Gandhi International Stadium, Uppal, Hyderabad",Delhi Capitals,bat,Delhi Capitals,161.95,156.7,6.6,5.95,8.14705948911624,8.02760083825059,9.62557807121218,10.402231270621366,20,20,144,9,7.140495867768594,31,137,6,6.793388429752066,43
1359509,2023-04-25,Gujarat Titans,Mumbai Indians,"Narendra Modi Stadium, Ahmedabad",Mumbai Indians,field,Gujarat Titans,167.1818181818182,164.85,5.090909090909091,6.45,8.175168841302908,8.152057996890454,10.439610293088554,10.115980131922408,22,20,207,6,9.936,70,152,9,7.537190082644628,23
1359510,2023-04-26,Kolkata Knight Riders,Royal Challengers Bangalore,"M Chinnaswamy Stadium, Bengaluru",Royal Challengers Bangalore,field,Kolkata Knight Riders,165.85714285714286,169.30434782608697,7.428571428571429,6.043478260869565,8.356829024759207,8.325282755611868,9.639664528841601,10.090271744893846,21,23,200,5,9.600000000000001,50,179,8,8.80327868852459,34
1359511,2023-04-27,Rajasthan Royals,Chennai Super Kings,"Sawai Mansingh Stadium, Jaipur",Rajasthan Royals,bat,Rajasthan Royals,175.70833333333334,172.04761904761904,5.833333333333333,5.904761904761905,8.513356036112015,8.413871965341404,10.523988902221662,10.054548955833438,24,21,202,5,9.774193548387096,56,170,6,8.429752066115702,41
1359512,2023-04-28,Lucknow Super Giants,Punjab Kings,"Punjab Cricket Association IS Bindra Stadium, Mohali, Chandigarh",Punjab Kings,field,Lucknow Super Giants,169.4090909090909,169.14285714285714,6.2727272727272725,7.238095238095238,8.226588149660428,8.27891528574465,9.885416303524064,9.241676703069892,22,21,257,5,11.953488372093023,57,201,10,9.421875,35
1359513,2023-04-29,Kolkata Knight Riders,Gujarat Titans,"Eden Gardens, Kolkata",Gujarat Titans,field,Gujarat Titans,167.4090909090909,168.91304347826087,7.318181818181818,5.130434782608695,8.413336796361062,8.251726717768,9.798572055017068,10.716148975997749,22,23,179,7,8.731707317073171,42,180,3,9.818181818181818,38
1359514,2023-04-29,Sunrisers Hyderabad,Delhi Capitals,"Arun Jaitley Stadium, Delhi",Sunrisers Hyderabad,bat,Sunrisers Hyderabad,155.76190476190476,161.0952380952381,5.9523809523809526,6.714285714285714,7.96882881879828,8.099127888099686,10.419619707090297,9.53179916765157,21,21,197,6,9.162790697674419,45,188,6,9.170731707317072,47
1359515,2023-04-30,Chennai Super Kings,Punjab Kings,"MA Chidambaram Stadium, Chepauk, Chennai",Chennai Super Kings,bat,Punjab Kings,171.95454545454547,170.5909090909091,5.909090909090909,7.363636363636363,8.414593788103872,8.330868000028984,10.063856148412798,9.18343902176255,22,22,200,4,9.448818897637794,42,201,6,9.648,48
1359516,2023-04-30,Rajasthan Royals,Mumbai Indians,"Wankhede Stadium, Mumbai",Rajasthan Royals,bat,Mumbai Indians,176.76,164.23809523809524,5.8,6.571428571428571,8.563789536603018,8.122778572402558,10.640629346132796,9.897681125326287,25,21,212,7,9.56390977443609,59,214,4,10.272,58
1359517,2023-05-01,Royal Challengers Bangalore,Lucknow Super Giants,"Bharat Ratna Shri Atal Bihari Vajpayee Ekana Cricket Stadium, Lucknow",Royal Challengers Bangalore,bat,Royal Challengers Bangalore,169.70833333333334,173.2173913043478,6.125,6.217391304347826,8.345199252816565,8.388627289766193,10.009843755523269,10.066110765261012,24,23,126,9,6.19672131147541,27,108,10,5.225806451612903,29
1359518,2023-05-02,Delhi Capitals,Gujarat Titans,"Narendra Modi Stadium, Ahmedabad",Delhi Capitals,bat,Delhi Capitals,162.3181818181818,169.375,6.681818181818182,5.041666666666667,8.147837152609567,8.316995680285242,9.575258466546469,11.061309435331173,22,24,130,8,6.290322580645161,39,125,6,6.048387096774193,36
1359519,2023-05-03,Lucknow Super Giants,Chennai Super Kings,"Bharat Ratna Shri Atal Bihari Vajpayee Ekana Cricket Stadium, Lucknow",Chennai Super Kings,field,,170.5,173.17391304347825,6.375,5.826086956521739,8.256843088176472,8.459560097214043,9.912756080126771,10.06458995984858,24,23,125,7,6.3559322033898304,42,0,0,0.0,0
1359520,2023-05-03,Punjab Kings,Mumbai Indians,"Punjab Cricket Association IS Bindra Stadium, Mohali, Chandigarh",Mumbai Indians,field,Mumbai Indians,171.91304347826087,166.5,7.304347826086956,6.454545454545454,8.388134608723377,8.220470455475168,9.254068909615128,10.146859870911163,23,22,214,3,10.03125,62,216,4,11.172413793103448,38
1359521,2023-05-04,Kolkata Knight Riders,Sunrisers Hyderabad,"Rajiv Gandhi International Stadium, Uppal, Hyderabad",Kolkata Knight Riders,bat,Kolkata Knight Riders,167.91304347826087,157.63636363636363,7.304347826086956,5.954545454545454,8.427178992913761,8.02309981329265,9.835489315279327,10.437733054371712,23,22,171,9,8.078740157480315,34,166,8,7.8425196850393695,28
1359522,2023-05-05,Rajasthan Royals,Gujarat Titans,"Sawai Mansingh Stadium, Jaipur",Rajasthan Royals,bat,Gujarat Titans,178.1153846153846,167.6,5.846153846153846,5.08,8.602255699596599,8.2262513369448,10.735647875555038,10.978857057917926,26,25,118,10,6.2105263157894735,8,119,1,8.5,0
1359523,2023-05-06,Mumbai Indians,Chennai Super Kings,"MA Chidambaram Stadium, Chepauk, Chennai",Chennai Super Kings,field,Chennai Super Kings,168.65217391304347,173.17391304347825,6.3478260869565215,5.826086956521739,8.348815817980746,8.459560097214043,10.295264636137127,10.06458995984858,23,23,139,8,6.836065573770492,33,140,4,7.706422018348623,12
1359524,2023-05-06,Royal Challengers Bangalore,Delhi Capitals,"Arun Jaitley Stadium, Delhi",Royal Challengers Bangalore,bat,Delhi Capitals,167.96,160.91304347826087,6.24,6.739130434782608,8.259260135162918,8.06707564948068,9.879450005302338,9.58320126352163,25,23,181,4,8.688,44,187,3,10.893203883495145,8
1359525,2023-05-07,Gujarat Titans,Lucknow Super Giants,"Narendra Modi Stadium, Ahmedabad",Lucknow Super Giants,field,Gujarat Titans,165.73076923076923,168.68,4.923076923076923,6.4,8.236780131677692,8.180806652785007,10.978857057917926,10.029592772295171,26,25,227,2,10.896,43,171,7,8.208,31
1359526,2023-05-07,Rajasthan Royals,Sunrisers Hyderabad,"Sawai Mansingh Stadium, Jaipur",Rajasthan Royals,bat,Sunrisers Hyderabad,175.88888888888889,158.0,6.0,6.043478260869565,8.513673129825964,8.015248503368595,10.486179435719666,10.256996936515655,27,23,214,2,10.272,46,217,6,10.416,59
1359527,2023-05-08,Punjab Kings,Kolkata Knight Riders,"Eden Gardens, Kolkata",Punjab Kings,bat,Kolkata Knight Riders,173.66666666666666,168.04166666666666,7.125,7.375,8.456597750026567,8.412660708104035,9.483779064073182,9.76871484951536,24,24,179,7,8.523809523809524,48,182,5,8.878048780487806,53
1359528,2023-05-09,Royal Challengers Bangalore,Mumbai Indians,"Wankhede Stadium, Mumbai",Mumbai Indians,field,Mumbai Indians,168.46153846153845,167.41666666666666,6.153846153846154,6.416666666666667,8.275750129964344,8.28578455780532,9.875539535012932,10.191992260652903,26,24,199,6,9.707317073170731,38,200,4,11.320754716981131,7
1359529,2023-05-10,Chennai Super Kings,Delhi Capitals,"MA Chidambaram Stadium, Chepauk, Chennai",Chennai Super Kings,bat,Chennai Super Kings,171.79166666666666,162.0,5.75,6.583333333333333,8.428179343927985,8.184830992564615,9.940042570289947,9.688279469455471,24,24,167,8,7.707692307692307,42,140,8,6.720000000000001,43
1359530,2023-05-11,Kolkata Knight Riders,Rajasthan Royals,"Eden Gardens, Kolkata",Rajasthan Royals,field,Rajasthan Royals,168.6,177.25,7.28,5.857142857142857,8.431276230999385,8.576470518046465,9.934490332871771,10.490793906421986,25,28,149,8,7.3884297520661155,22,151,1,11.048780487804878,0
1359531,2023-05-12,Mumbai Indians,Gujarat Titans,"Wankhede Stadium, Mumbai",Gujarat Titans,field,Mumbai Indians,168.72,168.0,6.32,4.814814814814815,8.40718336417235,8.335269756430371,10.350659249792367,10.970054863382622,25,27,218,5,10.9,65,191,8,9.317073170731707,55
1359532,2023-05-13,Sunrisers Hyderabad,Lucknow Super Giants,"Rajiv Gandhi International Stadium, Uppal, Hyderabad",Sunrisers Hyderabad,bat,Lucknow Super Giants,160.45833333333334,168.76923076923077,6.041666666666667,6.423076923076923,8.115279815728234,8.181852550754815,10.403013792118653,9.92169307344954,24,26,182,6,8.878048780487806,37,185,3,9.173553719008265,40
1359533,2023-05-13,Punjab Kings,Delhi Capitals,"Arun Jaitley Stadium, Delhi",Delhi Capitals,field,Punjab Kings,173.88,161.12,7.12,6.64,8.459286220977885,8.126237752862032,9.553046195066655,9.668529729656733,25,25,167,7,7.889763779527558,38,136,8,6.634146341463414,17
1359534,2023-05-14,Royal Challengers Bangalore,Rajasthan Royals,"Sawai Mansingh Stadium, Jaipur",Royal Challengers Bangalore,bat,Royal Challengers Bangalore,169.59259259259258,176.3448275862069,6.148148148148148,5.689655172413793,8.328771127860877,8.66172258596917,9.861630663345785,10.490793906421986,27,29,171,5,8.274193548387096,48,59,10,5.4461538461538455,0
1359535,2023-05-14,Chennai Super Kings,Kolkata Knight Riders,"MA Chidambaram Stadium, Chepauk, Chennai",Chennai Super Kings,bat,Kolkata Knight Riders,171.6,167.84615384615384,5.84,7.3076923076923075,8.399359862478557,8.391166751040414,9.914763018750088,9.73292259046851,25,26,144,6,6.912000000000001,45,147,4,7.47457627118644,21
1359536,2023-05-15,Gujarat Titans,Sunrisers Hyderabad,"Narendra Modi Stadium, Ahmedabad",Sunrisers Hyderabad,field,Gujarat Titans,168.82142857142858,161.32,4.928571428571429,6.04,8.370334164083989,8.145790574318617,11.03384200519466,10.354971550780375,28,25,188,9,8.8125,25,154,9,7.392,31
1359537,2023-05-16,Lucknow Super Giants,Mumbai Indians,"Bharat Ratna Shri Atal Bihari Vajpayee Ekana Cricket Stadium, Lucknow",Mumbai Indians,field,Lucknow Super Giants,169.37037037037038,170.6153846153846,6.296296296296297,6.269230769230769,8.21858222365309,8.5030609270888,10.004825350511558,10.586632879800673,27,26,177,4,8.496,60,172,5,7.938461538461538,41
1359538,2023-05-17,Delhi Capitals,Punjab Kings,"Himachal Pradesh Cricket Association Stadium, Dharamsala",Punjab Kings,field,Delhi Capitals,160.15384615384616,173.6153846153846,6.6923076923076925,7.115384615384615,8.068849621654392,8.437381511691335,9.444988540470463,9.535002603605545,26,26,213,2,10.224,59,198,8,9.580645161290322,63
1359539,2023-05-18,Sunrisers Hyderabad,Royal Challengers Bangalore,"Rajiv Gandhi International Stadium, Uppal, Hyderabad",Royal Challengers Bangalore,field,Royal Challengers Bangalore,161.03846153846155,169.64285714285714,6.153846153846154,6.107142857142857,8.116798629152516,8.326821928593956,10.238372688749159,9.938000996797722,26,28,186,5,9.0,45,187,2,9.272727272727272,33
1359540,2023-05-19,Punjab Kings,Rajasthan Royals,"Himachal Pradesh Cricket Association Stadium, Dharamsala",Rajasthan Royals,field,Rajasthan Royals,174.5185185185185,172.43333333333334,7.148148148148148,5.833333333333333,8.47972460982463,8.554536961308658,9.713602499461324,10.490793906421986,27,30,187,5,8.904761904761905,62,189,6,9.0,40
1359541,2023-05-20,Chennai Super Kings,Delhi Capitals,"Arun Jaitley Stadium, Delhi",Chennai Super Kings,bat,Chennai Super Kings,170.53846153846155,162.11111111111111,5.846153846153846,6.518518518518518,8.34215371392169,8.148670006037563,9.890586291103531,9.605388389505624,26,27,223,3,10.372093023255815,56,146,9,6.89763779527559,15
1359542,2023-05-20,Lucknow Super Giants,Kolkata Knight Riders,"Eden Gardens, Kolkata",Kolkata Knight Riders,field,Lucknow Super Giants,169.64285714285714,167.07407407407408,6.214285714285714,7.185185185185185,8.228490001379766,8.357218955490266,10.152568754190108,9.632002682443025,28,27,176,8,8.31496062992126,54,175,7,8.4,54
1359543,2023-05-21,Sunrisers Hyderabad,Mumbai Indians,"Wankhede Stadium, Mumbai",Mumbai Indians,field,Mumbai Indians,161.96296296296296,170.66666666666666,6.111111111111111,6.222222222222222,8.149509791035756,8.482149838621124,10.243997407820936,10.505714639065634,27,27,200,5,9.523809523809524,32,201,2,10.672566371681416,21
1359544,2023-05-21,Royal Challengers Bangalore,Gujarat Titans,"M Chinnaswamy Stadium, Bengaluru",Gujarat Titans,field,Gujarat Titans,170.24137931034483,169.48275862068965,5.9655172413793105,5.068965517241379,8.359439354253727,8.385581261874197,9.90565613483918,10.854061933580565,29,29,197,5,9.456000000000001,48,198,4,9.658536585365853,43
1370350,2023-05-23,Chennai Super Kings,Gujarat Titans,"MA Chidambaram Stadium, Chepauk, Chennai",Gujarat Titans,field,Chennai Super Kings,172.4814814814815,170.43333333333334,5.7407407407407405,5.033333333333333,8.417336651304435,8.428013105990585,9.955802468236156,10.850473591043304,27,30,172,7,8.459016393442623,41,157,10,7.136363636363637,42
1370351,2023-05-24,Mumbai Indians,Lucknow Super Giants,"MA Chidambaram Stadium, Chepauk, Chennai",Mumbai Indians,bat,Mumbai Indians,171.75,169.86206896551724,6.071428571428571,6.275862068965517,8.560379000516134,8.231471747191542,10.475588455852376,10.19034079266838,28,29,182,8,8.666666666666666,41,101,10,5.9411764705882355,1
1370352,2023-05-26,Gujarat Titans,Mumbai Indians,"Narendra Modi Stadium, Ahmedabad",Mumbai Indians,field,Gujarat Titans,170.0,172.10344827586206,5.193548387096774,6.137931034482759,8.386346994067136,8.56404409245236,10.77844631042232,10.40441596173942,31,29,233,3,11.007874015748031,50,171,10,8.921739130434782,10
1370353,2023-05-29,Gujarat Titans,Chennai Super Kings,"Narendra Modi Stadium, Ahmedabad",Chennai Super Kings,field,Chennai Super Kings,171.96875,172.46428571428572,5.125,5.785714285714286,8.468269713494664,8.418825213523656,10.789177433025184,9.951513487931111,32,28,214,4,10.524590163934427,61,171,5,10.914893617021278,0
1422119,2024-03-22,Royal Challengers Bengaluru,Chennai Super Kings,"MA Chidambaram Stadium, Chepauk, Chennai",Royal Challengers Bengaluru,bat,Chennai Super Kings,30.0,172.41379310344828,5.0,5.758620689655173,6.0,8.504896537782194,7.5,9.951513487931111,0,29,173,6,8.046511627906977,57,176,4,8.8,36
1422120,2024-03-23,Delhi Capitals,Punjab Kings,"Maharaja Yadavindra Singh International Cricket Stadium, Mullanpur",Punjab Kings,field,Punjab Kings,161.53571428571428,174.96428571428572,6.607142857142857,7.071428571428571,8.103990284224635,8.494904513215248,9.377838392173507,9.912310095635888,28,28,174,9,8.419354838709676,46,177,6,8.704918032786885,41
1422121,2024-03-23,Kolkata Knight Riders,Sunrisers Hyderabad,"Eden Gardens, Kolkata",Sunrisers Hyderabad,field,Kolkata Knight Riders,167.35714285714286,163.32142857142858,7.178571428571429,6.071428571428571,8.358746849937043,8.198591924349106,9.730669237341234,10.149034540864605,28,28,208,7,9.75,67,204,7,10.032786885245903,71
1422122,2024-03-24,Rajasthan Royals,Lucknow Super Giants,"Sawai Mansingh Stadium, Jaipur",Rajasthan Royals,bat,Rajasthan Royals,172.96774193548387,167.56666666666666,5.838709677419355,6.4,8.568906736750314,8.155128571304765,10.473869978614331,9.89782862150165,31,30,193,4,9.118110236220472,44,173,6,8.370967741935484,28
1422123,2024-03-24,Gujarat Titans,Mumbai Indians,"Narendra Modi Stadium, Ahmedabad",Mumbai Indians,field,Gujarat Titans,173.24242424242425,172.06666666666666,5.090909090909091,6.266666666666667,8.53058245441708,8.575967260385108,10.928578138243148,10.193426248773036,33,30,168,6,8.129032258064516,35,162,9,7.902439024390244,32
1422124,2024-03-25,Punjab Kings,Royal Challengers Bengaluru,"M Chinnaswamy Stadium, Bengaluru",Royal Challengers Bengaluru,field,Royal Challengers Bengaluru,175.0344827586207,173.0,7.0344827586206895,6.0,8.502146358717717,8.046511627906977,9.95932891364264,11.032258064516128,29,1,176,6,8.448,44,178,6,8.682926829268293,48
1422125,2024-03-26,Chennai Super Kings,Gujarat Titans,"MA Chidambaram Stadium, Chepauk, Chennai",Gujarat Titans,field,Chennai Super Kings,172.53333333333333,173.08823529411765,5.7,5.117647058823529,8.514733319856122,8.518772154524358,10.002117329527556,10.842164348506177,30,34,206,6,9.888,41,143,8,6.703125,23
1422126,2024-03-27,Sunrisers Hyderabad,Mumbai Indians,"Rajiv Gandhi International Stadium, Uppal, Hyderabad",Mumbai Indians,field,Sunrisers Hyderabad,164.72413793103448,171.74193548387098,6.103448275862069,6.354838709677419,8.261840026448995,8.55424054309495,10.395140450119442,10.109645373813937,29,31,277,3,12.784615384615384,63,246,5,11.714285714285714,56
1422127,2024-03-28,Rajasthan Royals,Delhi Capitals,"Sawai Mansingh Stadium, Jaipur",Delhi Capitals,field,Rajasthan Royals,173.59375,161.9655172413793,5.78125,6.689655172413793,8.586069346108756,8.114864924034462,10.450666905253113,9.43720130673874,32,29,185,5,8.88,62,173,5,8.370967741935484,47
1422128,2024-03-29,Royal Challengers Bengaluru,Kolkata Knight Riders,"M Chinnaswamy Stadium, Bengaluru",Kolkata Knight Riders,field,Kolkata Knight Riders,175.5,168.75862068965517,6.0,7.172413793103448,8.364719228587635,8.406721096490937,12.061583577712609,9.915728182133298,2,29,182,6,8.878048780487806,41,186,3,10.628571428571428,10
1422129,2024-03-30,Lucknow Super Giants,Punjab Kings,"Bharat Ratna Shri Atal Bihari Vajpayee Ekana Cricket Stadium, Lucknow",Lucknow Super Giants,bat,Lucknow Super Giants,167.74193548387098,175.06666666666666,6.387096774193548,7.0,8.162091125196078,8.500341480093793,9.77933585736499,9.952844944504609,31,30,199,8,9.552000000000001,42,178,5,8.754098360655739,38
1422130,2024-03-31,Sunrisers Hyderabad,Gujarat Titans,"Narendra Modi Stadium, Ahmedabad",Sunrisers Hyderabad,bat,Gujarat Titans,168.46666666666667,172.22857142857143,6.0,5.2,8.412599205054542,8.466896521537947,10.486152253860864,10.685630102961877,30,35,162,8,7.967213114754099,34,168,3,8.470588235294118,30
1422131,2024-03-31,Delhi Capitals,Chennai Super Kings,"Dr. Y.S. Rajasekhara Reddy ACA-VDCA Cricket Stadium, Visakhapatnam",Delhi Capitals,bat,Delhi Capitals,162.33333333333334,173.61290322580646,6.633333333333334,5.709677419354839,8.123401684631164,8.559032245022054,9.485785877063398,10.010665007819709,30,31,191,5,9.023622047244094,48,171,6,7.953488372093023,51
1422132,2024-04-01,Mumbai Indians,Rajasthan Royals,"Wankhede Stadium, Mumbai",Rajasthan Royals,field,Rajasthan Royals,174.0625,173.93939393939394,6.3125,5.757575757575758,8.652991954694661,8.594976335620611,10.217076168207035,10.593548617986883,32,33,125,9,6.048387096774193,14,127,4,7.696969696969697,0
1422133,2024-04-02,Lucknow Super Giants,Royal Challengers Bengaluru,"M Chinnaswamy Stadium, Bengaluru",Royal Challengers Bengaluru,field,Lucknow Super Giants,168.71875,177.66666666666666,6.4375,6.0,8.205525777533701,8.535829079221026,9.764469106563933,11.321055718475073,32,3,181,5,8.619047619047619,40,153,10,7.524590163934427,30
1422134,2024-04-03,Kolkata Knight Riders,Delhi Capitals,"Dr. Y.S. Rajasekhara Reddy ACA-VDCA Cricket Stadium, Visakhapatnam",Kolkata Knight Riders,bat,Kolkata Knight Riders,169.33333333333334,163.25806451612902,7.033333333333333,6.580645161290323,8.480782774226954,8.152441051167065,9.995892482820478,9.538823783725388,30,31,272,7,12.179104477611942,67,166,10,9.054545454545455,5
1422135,2024-04-04,Gujarat Titans,Punjab Kings,"Narendra Modi Stadium, Ahmedabad",Punjab Kings,field,Punjab Kings,172.11111111111111,175.16129032258064,5.138888888888889,6.935483870967742,8.466999069142286,8.508527185918371,10.651003077463718,9.924126153314795,36,31,199,4,9.629032258064516,58,200,7,9.75609756097561,47
1422136,2024-04-05,Chennai Super Kings,Sunrisers Hyderabad,"Rajiv Gandhi International Stadium, Uppal, Hyderabad",Sunrisers Hyderabad,field,Sunrisers Hyderabad,173.53125,168.25806451612902,5.71875,6.064516129032258,8.54010899899302,8.398231911819044,10.041261888511434,10.41994717873217,32,31,165,5,8.181818181818182,33,166,4,8.972972972972974,23
1422137,2024-04-06,Royal Challengers Bengaluru,Rajasthan Royals,"Sawai Mansingh Stadium, Jaipur",Rajasthan Royals,field,Rajasthan Royals,171.5,172.55882352941177,7.0,5.705882352941177,8.283019350399375,8.56856437566029,10.365791788856304,10.593548617986883,4,34,183,3,8.784,39,189,4,9.610169491525424,29
1422138,2024-04-07,Mumbai Indians,Delhi Capitals,"Wankhede Stadium, Mumbai",Delhi Capitals,field,Mumbai Indians,172.57575757575756,163.34375,6.393939393939394,6.6875,8.574064534757678,8.18063181377264,10.007167537950565,9.338646672422419,33,32,234,5,10.883720930232558,84,205,8,10.081967213114755,52
1422139,2024-04-07,Lucknow Super Giants,Gujarat Titans,"Bharat Ratna Shri Atal Bihari Vajpayee Ekana Cricket Stadium, Lucknow",Lucknow Super Giants,bat,Lucknow Super Giants,169.0909090909091,172.83783783783784,6.393939393939394,5.108108108108108,8.218056742428061,8.49840537154559,9.759163651513484,10.713166572225528,33,37,163,5,8.082644628099173,42,130,10,6.39344262295082,28
1426260,2024-04-08,Kolkata Knight Riders,Chennai Super Kings,"MA Chidambaram Stadium, Chepauk, Chennai",Chennai Super Kings,field,Chennai Super Kings,172.6451612903226,173.27272727272728,7.032258064516129,5.696969696969697,8.600083474336147,8.529251701502874,10.139084204401842,9.98347924694655,31,33,137,9,6.421875,28,141,3,7.761467889908256,13
1426261,2024-04-09,Sunrisers Hyderabad,Punjab Kings,"Maharaja Yadavindra Singh International Cricket Stadium, Mullanpur",Punjab Kings,field,Sunrisers Hyderabad,168.1875,175.9375,6.0,6.9375,8.416192569980105,8.547513760138912,10.426251612172571,9.984988614870968,32,32,182,9,8.736,36,180,6,8.571428571428571,64
1426262,2024-04-10,Rajasthan Royals,Gujarat Titans,"Sawai Mansingh Stadium, Jaipur",Gujarat Titans,field,Gujarat Titans,173.02857142857144,171.71052631578948,5.6571428571428575,5.2368421052631575,8.598324521827866,8.443011615003622,10.534375223674793,10.662597347656135,35,38,196,3,9.259842519685039,57,199,7,9.328125,61
1426263,2024-04-11,Royal Challengers Bengaluru,Mumbai Indians,"Wankhede Stadium, Mumbai",Mumbai Indians,field,Mumbai Indians,173.8,174.38235294117646,6.2,6.352941176470588,8.3832154803195,8.641995605212822,10.164633431085043,10.213010945891456,5,34,196,8,9.1875,47,199,3,12.4375,0
1426264,2024-04-12,Lucknow Super Giants,Delhi Capitals,"Bharat Ratna Shri Atal Bihari Vajpayee Ekana Cricket Stadium, Lucknow",Lucknow Super Giants,bat,Delhi Capitals,168.91176470588235,164.6060606060606,6.352941176470588,6.7272727272727275,8.214074033183094,8.23824803799513,9.782314787403688,9.436813963909216,34,33,167,7,7.889763779527558,46,170,4,9.107142857142856,20
1426265,2024-04-13,Punjab Kings,Rajasthan Royals,"Maharaja Yadavindra Singh International Cricket Stadium, Mullanpur",Rajasthan Royals,field,Rajasthan Royals,176.06060606060606,173.66666666666666,6.909090909090909,5.583333333333333,8.548238451390114,8.616700021768343,10.090033476015286,10.572518503208158,33,36,147,8,7.056,44,152,7,7.475409836065574,47
1426266,2024-04-14,Lucknow Super Giants,Kolkata Knight Riders,"Eden Gardens, Kolkata",Kolkata Knight Riders,field,Kolkata Knight Riders,168.85714285714286,171.53125,6.371428571428571,7.09375,8.204808025935794,8.532014459513142,9.820426460512667,9.999196276466856,35,32,161,7,7.606299212598425,43,162,2,9.257142857142858,0
1426267,2024-04-14,Chennai Super Kings,Mumbai Indians,"Wankhede Stadium, Mumbai",Mumbai Indians,field,Chennai Super Kings,172.3235294117647,175.0857142857143,5.617647058823529,6.257142857142857,8.506669824691267,8.750438587921026,9.91524552047947,10.213010945891456,34,35,206,4,9.888,55,186,6,9.0,51
1426268,2024-04-15,Sunrisers Hyderabad,Royal Challengers Bengaluru,"M Chinnaswamy Stadium, Bengaluru",Royal Challengers Bengaluru,field,Sunrisers Hyderabad,168.6060606060606,177.5,6.090909090909091,6.5,8.425883704223132,8.51726290026625,10.360046633907562,10.278220166929843,33,6,287,3,13.045454545454545,70,262,7,11.81954887218045,63
1426269,2024-04-16,Kolkata Knight Riders,Rajasthan Royals,"Eden Gardens, Kolkata",Rajasthan Royals,field,Rajasthan Royals,171.24242424242425,173.0810810810811,6.9393939393939394,5.621621621621622,8.553988047320104,8.585854341073674,9.999196276466856,10.6221758873849,33,37,223,6,10.372093023255815,39,224,8,10.338461538461537,62
1426270,2024-04-17,Gujarat Titans,Delhi Capitals,"Narendra Modi Stadium, Ahmedabad",Delhi Capitals,field,Delhi Capitals,172.4102564102564,164.76470588235293,5.282051282051282,6.647058823529412,8.46570683000353,8.26380376797006,10.714126092590774,9.430570184117096,39,34,89,10,4.767857142857142,8,92,4,10.036363636363637,0
1426271,2024-04-18,Mumbai Indians,Punjab Kings,"Maharaja Yadavindra Singh International Cricket Stadium, Mullanpur",Punjab Kings,field,Mumbai Indians,175.38888888888889,175.2058823529412,6.25,6.9411764705882355,8.757370849367666,8.504349085172757,10.234056842440868,10.104719929889807,36,34,192,7,9.216000000000001,44,183,10,8.645669291338582,18
1426272,2024-04-19,Chennai Super Kings,Lucknow Super Giants,"Bharat Ratna Shri Atal Bihari Vajpayee Ekana Cricket Stadium, Lucknow",Lucknow Super Giants,field,Lucknow Super Giants,173.28571428571428,168.63888888888889,5.571428571428571,6.388888888888889,8.546136401128658,8.188182781120865,9.99939891962578,9.823445591764557,35,36,176,6,8.585365853658537,63,180,2,8.709677419354838,34
1426273,2024-04-20,Sunrisers Hyderabad,Delhi Capitals,"Arun Jaitley Stadium, Delhi",Delhi Capitals,field,Sunrisers Hyderabad,172.08823529411765,162.68571428571428,6.0,6.571428571428571,8.561753434847585,8.314448335638449,10.517486298199925,9.430570184117096,34,35,266,7,12.975609756097562,56,199,10,9.78688524590164,20
1426274,2024-04-21,Kolkata Knight Riders,Royal Challengers Bengaluru,"Eden Gardens, Kolkata",Royal Challengers Bengaluru,field,Kolkata Knight Riders,172.76470588235293,189.57142857142858,6.911764705882353,6.571428571428571,8.60746172308292,8.989018039111135,9.977155025554206,10.671971965742822,34,7,222,6,10.325581395348838,67,221,10,10.693548387096774,40
1426275,2024-04-21,Punjab Kings,Gujarat Titans,"Maharaja Yadavindra Singh International Cricket Stadium, Mullanpur",Punjab Kings,bat,Gujarat Titans,175.42857142857142,170.325,7.0285714285714285,5.4,8.508386805348923,8.373260587824868,9.962152659287085,10.576157047481608,35,40,142,10,6.926829268292683,35,146,7,7.551724137931035,41
1426276,2024-04-22,Mumbai Indians,Rajasthan Royals,"Sawai Mansingh Stadium, Jaipur",Mumbai Indians,bat,Rajasthan Royals,175.83783783783784,174.42105263157896,6.27027027027027,5.684210526315789,8.769766231817188,8.631975583110197,10.221020297736208,10.727476356536542,37,38,179,9,8.390625,28,183,1,9.384615384615385,23
1426277,2024-04-23,Chennai Super Kings,Lucknow Super Giants,"MA Chidambaram Stadium, Chepauk, Chennai",Lucknow Super Giants,field,Lucknow Super Giants,173.36111111111111,168.94594594594594,5.583333333333333,6.27027027027027,8.547226108143377,8.202277230802865,10.117063657283845,9.807710782649206,36,37,210,4,10.327868852459018,56,213,4,10.390243902439025,56
1426278,2024-04-24,Delhi Capitals,Gujarat Titans,"Arun Jaitley Stadium, Delhi",Gujarat Titans,field,Delhi Capitals,163.69444444444446,169.73170731707316,6.666666666666667,5.439024390243903,8.355349360923539,8.353223113437213,9.338958986751422,10.635437331820883,36,41,224,4,10.926829268292684,81,220,8,10.64516129032258,68
1426279,2024-04-25,Royal Challengers Bengaluru,Sunrisers Hyderabad,"Rajiv Gandhi International Stadium, Uppal, Hyderabad",Royal Challengers Bengaluru,bat,Royal Challengers Bengaluru,193.5,174.77142857142857,7.0,6.0285714285714285,9.20208433260934,8.687863615454727,10.53797547002497,10.61991317178228,8,35,206,7,9.888,49,171,8,7.953488372093023,30
1426280,2024-04-26,Kolkata Knight Riders,Punjab Kings,"Eden Gardens, Kolkata",Punjab Kings,field,Punjab Kings,174.17142857142858,174.5,6.885714285714286,7.111111111111111,8.656550856576231,8.464454651541807,10.076841255885194,9.916206992837465,35,36,261,6,11.954198473282444,55,262,2,13.551724137931036,52
1426281,2024-04-27,Delhi Capitals,Mumbai Indians,"Arun Jaitley Stadium, Delhi",Mumbai Indians,field,Delhi Capitals,165.32432432432432,175.92105263157896,6.594594594594595,6.342105263157895,8.424848817879461,8.759788830979893,9.627560158558525,10.109942573416376,37,38,257,4,12.141732283464567,58,247,9,11.578125,60
1426282,2024-04-27,Lucknow Super Giants,Rajasthan Royals,"Bharat Ratna Shri Atal Bihari Vajpayee Ekana Cricket Stadium, Lucknow",Rajasthan Royals,field,Rajasthan Royals,170.10526315789474,174.64102564102564,6.2105263157894735,5.564102564102564,8.259855301109079,8.651274039559047,9.959516796262484,10.669074235521638,38,39,196,5,9.1875,40,199,3,10.293103448275863,39
1426283,2024-04-28,Gujarat Titans,Royal Challengers Bengaluru,"Narendra Modi Stadium, Ahmedabad",Royal Challengers Bengaluru,field,Royal Challengers Bengaluru,170.92857142857142,194.88888888888889,5.5,7.0,8.407793070029722,9.278297184541636,10.758775633296171,10.576965849898738,42,9,200,3,9.23076923076923,52,206,1,12.36,0
1426284,2024-04-28,Chennai Super Kings,Sunrisers Hyderabad,"MA Chidambaram Stadium, Chepauk, Chennai",Sunrisers Hyderabad,field,Chennai Super Kings,174.35135135135135,174.66666666666666,5.54054054054054,6.083333333333333,8.595351587719476,8.667464303139125,10.212004695647163,10.50696327163612,37,36,212,3,10.095238095238095,53,134,10,6.931034482758621,16
1426285,2024-04-29,Delhi Capitals,Kolkata Knight Riders,"Eden Gardens, Kolkata",Delhi Capitals,bat,Kolkata Knight Riders,167.73684210526315,176.58333333333334,6.526315789473684,6.861111111111111,8.522661540658017,8.748152179262513,9.73192280372677,10.17758831214696,38,36,153,9,7.285714285714286,25,157,3,9.326732673267328,6
1426286,2024-04-30,Mumbai Indians,Lucknow Super Giants,"Bharat Ratna Shri Atal Bihari Vajpayee Ekana Cricket Stadium, Lucknow",Lucknow Super Giants,field,Lucknow Super Giants,177.74358974358975,170.76923076923077,6.410256410256411,6.17948717948718,8.832053860954769,8.283641062619102,10.210921256463335,9.93982091611402,39,39,144,7,6.857142857142857,38,145,6,7.131147540983607,23
1426287,2024-05-01,Chennai Super Kings,Punjab Kings,"MA Chidambaram Stadium, Chepauk, Chennai",Punjab Kings,field,Punjab Kings,175.3421052631579,176.86486486486487,5.473684210526316,6.972972972972973,8.634822285285754,8.601948421444218,10.255498392373013,10.157256540941269,38,37,162,7,7.534883720930233,51,163,3,8.431034482758621,17
1426288,2024-05-02,Sunrisers Hyderabad,Rajasthan Royals,"Rajiv Gandhi International Stadium, Uppal, Hyderabad",Sunrisers Hyderabad,bat,Sunrisers Hyderabad,173.56756756756758,175.25,6.1891891891891895,5.5,8.620533767453166,8.692319774776967,10.371965925855378,10.732072229156188,37,40,201,3,9.421875,55,200,7,9.090909090909092,40
1426289,2024-05-03,Kolkata Knight Riders,Mumbai Indians,"Wankhede Stadium, Mumbai",Mumbai Indians,field,Kolkata Knight Riders,176.05405405405406,176.9,6.756756756756757,6.425,8.763789489911293,8.782681085859469,10.234538677392369,10.182212802345878,37,40,169,10,8.112,36,145,10,7.372881355932203,21
1426290,2024-05-04,Gujarat Titans,Royal Challengers Bengaluru,"M Chinnaswamy Stadium, Bengaluru",Royal Challengers Bengaluru,field,Royal Challengers Bengaluru,171.6046511627907,196.0,5.441860465116279,6.4,8.426932050512036,9.586467466087473,10.76792043114286,10.576965849898738,43,10,147,10,7.289256198347107,26,152,6,10.987951807228916,0
1426291,2024-05-05,Chennai Super Kings,Punjab Kings,"Himachal Pradesh Cricket Association Stadium, Dharamsala",Punjab Kings,field,Chennai Super Kings,175.0,176.5,5.512820512820513,6.868421052631579,8.606618732353562,8.59745068621565,10.25399843582239,10.052193859248455,39,38,167,9,8.016,45,139,9,6.725806451612903,34
1426292,2024-05-05,Kolkata Knight Riders,Lucknow Super Giants,"Bharat Ratna Shri Atal Bihari Vajpayee Ekana Cricket Stadium, Lucknow",Lucknow Super Giants,field,Kolkata Knight Riders,175.8684210526316,170.125,6.842105263157895,6.175,8.746637134913627,8.254828724578218,10.186219323531994,9.851179012306506,38,40,235,6,10.930232558139535,57,137,10,7.980582524271844,0
1426293,2024-05-06,Sunrisers Hyderabad,Mumbai Indians,"Wankhede Stadium, Mumbai",Mumbai Indians,field,Mumbai Indians,174.28947368421052,176.1219512195122,6.105263157894737,6.512195121951219,8.641621694625451,8.74829572659295,10.463264144075502,10.111175671667327,38,41,173,8,7.923664122137405,48,174,3,9.666666666666666,25
1426294,2024-05-07,Delhi Capitals,Rajasthan Royals,"Arun Jaitley Stadium, Delhi",Rajasthan Royals,field,Delhi Capitals,167.35897435897436,175.85365853658536,6.589743589743589,5.536585365853658,8.490944944377409,8.702041465414336,9.631060025247669,10.683567404412312,39,41,221,8,10.958677685950413,57,201,8,9.206106870229009,31
1426295,2024-05-08,Lucknow Super Giants,Sunrisers Hyderabad,"Rajiv Gandhi International Stadium, Uppal, Hyderabad",Lucknow Super Giants,bat,Sunrisers Hyderabad,169.3170731707317,174.25641025641025,6.2682926829268295,6.153846153846154,8.248139792863428,8.623212526100115,9.598584678657621,10.449258100356637,41,39,165,4,8.048780487804878,53,167,0,16.7,0
1426296,2024-05-09,Royal Challengers Bengaluru,Punjab Kings,"Himachal Pradesh Cricket Association Stadium, Dharamsala",Punjab Kings,field,Royal Challengers Bengaluru,192.0,175.53846153846155,6.363636363636363,6.923076923076923,9.713875133463967,8.549459808405324,10.576965849898738,9.992571156191845,11,39,241,7,11.385826771653543,56,181,10,10.342857142857143,7
1426297,2024-05-10,Gujarat Titans,Chennai Super Kings,"Narendra Modi Stadium, Ahmedabad",Chennai Super Kings,field,Gujarat Titans,171.04545454545453,174.8,5.545454545454546,5.6,8.401075781144652,8.591853264044726,10.682408539509517,10.247314266458645,44,40,231,3,11.088000000000001,35,196,8,9.483870967741934,34
1426298,2024-05-11,Kolkata Knight Riders,Mumbai Indians,"Eden Gardens, Kolkata",Mumbai Indians,field,Kolkata Knight Riders,177.3846153846154,176.07142857142858,6.82051282051282,6.428571428571429,8.80262676115019,8.77016170135661,10.259173657153601,10.27506294654231,39,42,157,7,9.515151515151516,0,139,8,8.176470588235293,0
1426299,2024-05-12,Rajasthan Royals,Chennai Super Kings,"MA Chidambaram Stadium, Chepauk, Chennai",Rajasthan Royals,bat,Chennai Super Kings,176.45238095238096,175.3170731707317,5.595238095238095,5.658536585365853,8.714043022671827,8.613609793403194,10.608347727376099,10.1937933878315,42,41,141,5,6.82258064516129,38,145,5,7.565217391304348,24
1426300,2024-05-12,Royal Challengers Bengaluru,Delhi Capitals,"M Chinnaswamy Stadium, Bengaluru",Delhi Capitals,field,Royal Challengers Bengaluru,196.08333333333334,168.7,6.416666666666667,6.625,9.85320443664643,8.552638262916734,10.763713709353308,9.752611077214835,12,40,187,9,8.834645669291339,40,140,10,7.0,10
1426302,2024-05-14,Delhi Capitals,Lucknow Super Giants,"Arun Jaitley Stadium, Delhi",Lucknow Super Giants,field,Delhi Capitals,168.0,169.21428571428572,6.7073170731707314,6.214285714285714,8.514769036991934,8.243393142742987,9.57247419644709,9.676620061691182,41,42,208,4,9.75,54,189,9,9.072000000000001,40
1426303,2024-05-15,Rajasthan Royals,Punjab Kings,"Barsapara Cricket Stadium, Guwahati",Rajasthan Royals,bat,Punjab Kings,175.62790697674419,175.675,5.5813953488372094,7.0,8.67005552552042,8.594294741766618,10.571139034191694,9.887503494186797,43,40,144,9,7.140495867768594,31,145,5,7.631578947368421,33
1426305,2024-05-17,Lucknow Super Giants,Mumbai Indians,"Wankhede Stadium, Mumbai",Mumbai Indians,field,Lucknow Super Giants,169.67441860465115,175.2093023255814,6.27906976744186,6.465116279069767,8.26266306965594,8.75635493128402,9.674751279698715,10.27506294654231,43,43,214,6,9.876923076923076,44,196,6,9.116279069767442,61
1426306,2024-05-18,Royal Challengers Bengaluru,Chennai Super Kings,"M Chinnaswamy Stadium, Bengaluru",Chennai Super Kings,field,Royal Challengers Bengaluru,195.3846153846154,174.5952380952381,6.615384615384615,5.642857142857143,9.774853762234502,8.588648069543698,10.657921553957552,10.19609141027857,13,42,218,5,10.299212598425196,63,191,7,9.095238095238095,53
1426307,2024-05-19,Punjab Kings,Sunrisers Hyderabad,"Rajiv Gandhi International Stadium, Uppal, Hyderabad",Punjab Kings,bat,Sunrisers Hyderabad,174.9268292682927,174.075,6.951219512195122,6.0,8.570813868732516,8.825132212947612,9.932620297503274,10.449258100356637,41,40,214,5,10.272,40,215,6,10.573770491803279,26
1426309,2024-05-21,Sunrisers Hyderabad,Kolkata Knight Riders,"Narendra Modi Stadium, Ahmedabad",Sunrisers Hyderabad,bat,Kolkata Knight Riders,175.0731707317073,176.875,6.0,6.825,8.867781927066043,8.820439880000224,10.381328405475697,10.259173657153601,41,40,159,10,7.693548387096774,33,164,2,11.714285714285714,0
1426310,2024-05-22,Royal Challengers Bengaluru,Rajasthan Royals,"Narendra Modi Stadium, Ahmedabad",Rajasthan Royals,field,Rajasthan Royals,197.0,174.9090909090909,6.5,5.659090909090909,9.812307964819551,8.63529280602606,10.89476142446109,10.502330765065068,14,44,172,8,8.459016393442623,38,174,6,8.77310924369748,31
1426311,2024-05-24,Sunrisers Hyderabad,Rajasthan Royals,"MA Chidambaram Stadium, Chepauk, Chennai",Rajasthan Royals,field,Sunrisers Hyderabad,174.6904761904762,174.88888888888889,6.095238095238095,5.666666666666667,8.839823985638203,8.63835539352987,10.357509481053091,10.473703842087328,42,45,175,9,8.26771653543307,39,139,7,6.725806451612903,26
1426312,2024-05-26,Sunrisers Hyderabad,Kolkata Knight Riders,"MA Chidambaram Stadium, Chepauk, Chennai",Sunrisers Hyderabad,bat,Kolkata Knight Riders,174.69767441860466,176.5609756097561,6.162790697674419,6.7073170731707314,8.826519161214827,8.891021485714504,10.31626941240952,10.259173657153601,43,41,113,10,5.794871794871795,15,114,2,10.208955223880597,0
1473438,2025-03-22,Kolkata Knight Riders,Royal Challengers Bengaluru,"Eden Gardens, Kolkata",Royal Challengers Bengaluru,field,Royal Challengers Bengaluru,175.07142857142858,195.33333333333334,6.595238095238095,6.6,8.922400860432745,9.722088526727756,10.259173657153601,10.78747208411793,42,15,174,8,8.419354838709676,23,177,3,10.727272727272727,10
1473439,2025-03-23,Sunrisers Hyderabad,Rajasthan Royals,"Rajiv Gandhi International Stadium, Uppal, Hyderabad",Rajasthan Royals,field,Sunrisers Hyderabad,173.29545454545453,174.1086956521739,6.25,5.695652173913044,8.757618084707032,8.596778242618631,10.213501093066437,10.375245613201576,44,46,286,6,12.902255639097744,67,242,6,11.255813953488373,69
1473440,2025-03-23,Mumbai Indians,Chennai Super Kings,"MA Chidambaram Stadium, Chepauk, Chennai",Chennai Super Kings,field,Chennai Super Kings,175.6818181818182,174.97674418604652,6.454545454545454,5.674418604651163,8.764535025340463,8.60042923293194,10.343266986173681,10.245717698583219,44,43,155,9,7.44,37,158,6,8.033898305084746,33
1473441,2025-03-24,Lucknow Super Giants,Delhi Capitals,"Dr. Y.S. Rajasekhara Reddy ACA-VDCA Cricket Stadium, Visakhapatnam",Delhi Capitals,field,Delhi Capitals,170.6818181818182,168.95238095238096,6.2727272727272725,6.642857142857143,8.29935079709383,8.544179298015937,9.695828630182078,9.67066234153591,44,42,209,8,10.032,33,211,9,10.462809917355372,43
1473442,2025-03-25,Punjab Kings,Gujarat Titans,"Narendra Modi Stadium, Ahmedabad",Gujarat Titans,field,Punjab Kings,175.85714285714286,172.37777777777777,6.904761904761905,5.488888888888889,8.61131830042936,8.460785208230327,9.915074020834924,10.623192960814372,42,45,243,5,11.571428571428571,77,232,5,10.875,50
1473443,2025-03-26,Rajasthan Royals,Kolkata Knight Riders,"Barsapara Cricket Stadium, Guwahati",Kolkata Knight Riders,field,Kolkata Knight Riders,175.5531914893617,175.04651162790697,5.702127659574468,6.627906976744186,8.653353470509478,8.910702115741511,10.475483537576865,10.13034012409207,47,43,151,9,7.306451612903225,39,153,2,8.345454545454546,28
1473444,2025-03-27,Sunrisers Hyderabad,Lucknow Super Giants,"Rajiv Gandhi International Stadium, Uppal, Hyderabad",Lucknow Super Giants,field,Lucknow Super Giants,175.8,171.53333333333333,6.2444444444444445,6.311111111111111,8.849721141471269,8.337854112713966,10.349931300204426,9.647446211233301,45,45,190,9,8.976377952755906,34,193,5,10.924528301886792,4
1473445,2025-03-28,Royal Challengers Bengaluru,Chennai Super Kings,"MA Chidambaram Stadium, Chepauk, Chennai",Chennai Super Kings,field,Royal Challengers Bengaluru,194.1875,174.5909090909091,6.375,5.681818181818182,9.784912539261818,8.587553530026321,12.159795506680934,10.249892339845022,16,44,196,7,9.1875,43,146,8,7.180327868852459,45
1473446,2025-03-29,Gujarat Titans,Mumbai Indians,"Narendra Modi Stadium, Ahmedabad",Mumbai Indians,field,Gujarat Titans,173.67391304347825,175.22222222222223,5.478260869565218,6.511111111111111,8.513268138486188,8.73510091366623,10.625217244224846,10.317236819836213,46,45,196,8,9.046153846153846,45,160,6,7.559055118110236,40
1473447,2025-03-30,Sunrisers Hyderabad,Delhi Capitals,"Dr. Y.S. Rajasekhara Reddy ACA-VDCA Cricket Stadium, Visakhapatnam",Sunrisers Hyderabad,bat,Delhi Capitals,176.1086956521739,169.93023255813952,6.304347826086956,6.6976744186046515,8.85247455041224,8.588798614744759,10.307887407017962,9.734444096271968,46,43,163,10,8.218487394957984,14,166,3,10.16326530612245,0
1473448,2025-03-30,Rajasthan Royals,Chennai Super Kings,"Barsapara Cricket Stadium, Guwahati",Chennai Super Kings,field,Rajasthan Royals,175.04166666666666,173.95555555555555,5.770833333333333,5.733333333333333,8.625293015142681,8.556281848666902,10.435287607112194,10.262685541243975,48,45,182,9,8.598425196850393,29,176,6,8.585365853658537,47
1473449,2025-03-31,Kolkata Knight Riders,Mumbai Indians,"Wankhede Stadium, Mumbai",Mumbai Indians,field,Mumbai Indians,174.54545454545453,174.8913043478261,6.5227272727272725,6.5,8.897855580053172,8.70953470071936,10.237830676200623,10.30055689379351,44,46,116,10,6.823529411764706,6,121,2,9.075,0
1473450,2025-04-01,Lucknow Super Giants,Punjab Kings,"Bharat Ratna Shri Atal Bihari Vajpayee Ekana Cricket Stadium, Lucknow",Punjab Kings,field,Punjab Kings,172.0,177.41860465116278,6.282608695652174,6.8604651162790695,8.39408616030468,8.680158074173528,9.973640615523452,10.090587120597757,46,43,171,7,8.274193548387096,46,177,2,10.514851485148515,6
1473451,2025-04-02,Royal Challengers Bengaluru,Gujarat Titans,"M Chinnaswamy Stadium, Bengaluru",Gujarat Titans,field,Gujarat Titans,194.2941176470588,174.14893617021278,6.411764705882353,5.531914893617022,9.749770625187594,8.524606132266351,11.986179509939241,10.603861589847288,17,47,169,8,8.24390243902439,50,170,2,9.444444444444445,29
1473452,2025-04-03,Kolkata Knight Riders,Sunrisers Hyderabad,"Eden Gardens, Kolkata",Sunrisers Hyderabad,field,Kolkata Knight Riders,173.24444444444444,175.82978723404256,6.6,6.382978723404255,8.851759442980095,8.83898546199832,10.44761903630331,10.18862716398619,45,47,200,6,9.75609756097561,66,120,10,6.857142857142857,3
1473453,2025-04-04,Lucknow Super Giants,Mumbai Indians,"Bharat Ratna Shri Atal Bihari Vajpayee Ekana Cricket Stadium, Lucknow",Mumbai Indians,field,Lucknow Super Giants,171.9787234042553,173.74468085106383,6.297872340425532,6.404255319148936,8.391535253668135,8.717310558150862,9.97916465122787,10.30055689379351,47,47,203,8,9.515625,44,191,5,9.241935483870968,39
1473454,2025-04-05,Delhi Capitals,Chennai Super Kings,"MA Chidambaram Stadium, Chepauk, Chennai",Delhi Capitals,bat,Delhi Capitals,169.8409090909091,174.0,6.613636363636363,5.739130434782608,8.624581948639708,8.556914109644982,9.734444096271968,10.285806324397521,44,46,183,6,8.926829268292684,37,158,5,7.40625,46
1473455,2025-04-05,Rajasthan Royals,Punjab Kings,"Maharaja Yadavindra Singh International Cricket Stadium, Mullanpur",Punjab Kings,field,Rajasthan Royals,175.18367346938774,177.4090909090909,5.836734693877551,6.75,8.62474469232039,8.721855651695687,10.3485301470542,10.278906474869238,49,44,205,4,9.84,55,155,9,7.265625,19
1473457,2025-04-06,Sunrisers Hyderabad,Gujarat Titans,"Rajiv Gandhi International Stadium, Uppal, Hyderabad",Gujarat Titans,field,Gujarat Titans,174.66666666666666,174.0625,6.458333333333333,5.458333333333333,8.797697074397165,8.543769430436727,10.045396138682143,10.714804573428873,48,48,152,8,7.475409836065574,44,153,3,8.9126213592233,12
1473458,2025-04-07,Royal Challengers Bengaluru,Mumbai Indians,"Wankhede Stadium, Mumbai",Mumbai Indians,field,Royal Challengers Bengaluru,192.88888888888889,174.10416666666666,6.5,6.375,9.66611128151186,8.728240244103366,11.958197136721886,10.279180600752749,18,48,221,5,10.440944881889763,52,209,9,9.952380952380953,39
1473456,2025-04-08,Lucknow Super Giants,Kolkata Knight Riders,"Eden Gardens, Kolkata",Kolkata Knight Riders,field,Lucknow Super Giants,172.625,173.82608695652175,6.333333333333333,6.586956521739131,8.41495379005005,8.871418967284344,9.974786675718086,10.589523798505853,48,46,238,3,11.15625,60,234,7,10.323529411764705,49
1473459,2025-04-08,Punjab Kings,Chennai Super Kings,"Maharaja Yadavindra Singh International Cricket Stadium, Mullanpur",Punjab Kings,bat,Punjab Kings,176.9111111111111,173.6595744680851,6.8,5.723404255319149,8.689494970546894,8.532431894546152,10.141829937886591,10.293130286419457,45,47,219,6,10.596774193548386,49,201,5,9.348837209302326,49
1473460,2025-04-09,Gujarat Titans,Rajasthan Royals,"Narendra Modi Stadium, Ahmedabad",Rajasthan Royals,field,Gujarat Titans,173.6326530612245,175.78,5.408163265306122,5.8,8.551297020820128,8.64904979847398,10.866579478149106,10.409199718393472,49,50,217,6,9.644444444444444,54,159,10,7.632000000000001,14
1473461,2025-04-10,Royal Challengers Bengaluru,Delhi Capitals,"M Chinnaswamy Stadium, Bengaluru",Delhi Capitals,field,Delhi Capitals,194.3684210526316,170.13333333333333,6.421052631578948,6.6,9.706891997321224,8.631298555743108,11.934512337829748,9.714100189217874,19,45,163,7,7.761904761904762,42,169,4,9.218181818181819,35
1473462,2025-04-11,Chennai Super Kings,Kolkata Knight Riders,"MA Chidambaram Stadium, Chepauk, Chennai",Kolkata Knight Riders,field,Kolkata Knight Riders,174.22916666666666,175.10638297872342,5.708333333333333,6.595744680851064,8.549440338603572,8.902314934188182,10.325018758453817,10.619536008800575,48,47,103,9,4.983870967741935,26,107,2,9.876923076923076,0
1473463,2025-04-12,Gujarat Titans,Lucknow Super Giants,"Bharat Ratna Shri Atal Bihari Vajpayee Ekana Cricket Stadium, Lucknow",Lucknow Super Giants,field,Lucknow Super Giants,174.5,173.9591836734694,5.42,6.26530612244898,8.573159969292613,8.470898610661274,10.872820994780827,10.057156189982676,50,49,180,6,8.372093023255815,41,186,4,9.3,29
1473464,2025-04-12,Punjab Kings,Sunrisers Hyderabad,"Rajiv Gandhi International Stadium, Uppal, Hyderabad",Punjab Kings,bat,Sunrisers Hyderabad,177.82608695652175,174.20408163265307,6.782608695652174,6.489795918367347,8.730957562351275,8.770711620553662,10.178606530207349,10.065706859135714,46,49,245,6,11.484375,58,247,2,12.35,29
1473465,2025-04-13,Rajasthan Royals,Royal Challengers Bengaluru,"Sawai Mansingh Stadium, Jaipur",Royal Challengers Bengaluru,field,Royal Challengers Bengaluru,175.45098039215685,192.8,5.882352941176471,6.45,8.629107645562726,9.6096426355504,10.275674724260275,11.790002393135502,51,20,173,4,8.508196721311476,47,175,1,9.45945945945946,16
1473466,2025-04-13,Mumbai Indians,Delhi Capitals,"Arun Jaitley Stadium, Delhi",Delhi Capitals,field,Mumbai Indians,174.81632653061226,170.1086956521739,6.428571428571429,6.543478260869565,8.753222707537603,8.644056887535253,10.258754365180465,9.895167626677923,49,46,205,5,9.919354838709676,51,193,10,9.73109243697479,29
1473467,2025-04-14,Lucknow Super Giants,Chennai Super Kings,"Bharat Ratna Shri Atal Bihari Vajpayee Ekana Cricket Stadium, Lucknow",Chennai Super Kings,field,Chennai Super Kings,174.2,172.77551020408163,6.22,5.775510204081633,8.487480638448048,8.476673616749252,10.020251150310417,10.228268950354327,50,49,166,7,7.78125,48,168,5,8.0,45
1473468,2025-04-15,Punjab Kings,Kolkata Knight Riders,"Maharaja Yadavindra Singh International Cricket Stadium, Mullanpur",Punjab Kings,bat,Punjab Kings,179.25531914893617,173.6875,6.76595744680851,6.5,8.789540912088482,8.922619270495158,10.274637496202741,10.619536008800575,47,48,111,10,6.9375,0,95,10,6.195652173913043,0
1473469,2025-04-16,Delhi Capitals,Rajasthan Royals,"Arun Jaitley Stadium, Delhi",Rajasthan Royals,field,,170.59574468085106,175.40384615384616,6.617021276595745,5.846153846153846,8.667185303480776,8.626782435480973,9.868004726071606,10.296171158459044,47,52,188,5,8.8125,58,188,5,9.096774193548386,43
1473470,2025-04-17,Sunrisers Hyderabad,Mumbai Indians,"Wankhede Stadium, Mumbai",Mumbai Indians,field,Mumbai Indians,175.66,175.42,6.4,6.4,8.84229738814259,8.776545350161044,10.097671299570386,10.31291187898089,50,50,162,5,7.534883720930233,50,166,6,8.814159292035399,20
1473471,2025-04-18,Royal Challengers Bengaluru,Punjab Kings,"M Chinnaswamy Stadium, Bengaluru",Punjab Kings,field,Punjab Kings,191.95238095238096,177.83333333333334,6.190476190476191,6.833333333333333,9.602491055736547,8.750956726419972,11.674739109286266,10.274637496202741,21,48,95,9,6.705882352941177,0,98,5,7.84,0
1473472,2025-04-19,Delhi Capitals,Gujarat Titans,"Narendra Modi Stadium, Ahmedabad",Gujarat Titans,field,Gujarat Titans,167.73469387755102,174.6078431372549,6.448979591836735,5.431372549019608,8.891228760481559,8.569217480154636,9.898178097750302,10.837586797107432,49,51,203,8,9.44186046511628,40,204,3,10.115702479338843,39
1473473,2025-04-19,Lucknow Super Giants,Rajasthan Royals,"Sawai Mansingh Stadium, Jaipur",Lucknow Super Giants,bat,Lucknow Super Giants,174.0392156862745,172.59259259259258,6.235294117647059,5.7592592592592595,8.473632978870636,8.679434459973313,10.018430401993033,10.296647735289865,51,54,180,5,8.64,49,178,5,8.826446280991735,30
1473474,2025-04-20,Punjab Kings,Royal Challengers Bengaluru,"Maharaja Yadavindra Singh International Cricket Stadium, Mullanpur",Royal Challengers Bengaluru,field,Royal Challengers Bengaluru,176.20408163265307,187.54545454545453,6.795918367346939,6.318181818181818,8.732365772819563,9.470827023791303,10.274637496202741,11.674739109286266,49,22,157,6,7.658536585365853,28,159,3,8.368421052631579,27
